race_id,race_year,round,circuit_id,name,ingestion_date,race_timestamp
1,2009,1,1,Australian Grand Prix,2023-08-19T21:48:05.430+05:30,2009-03-29T06:00:00.000+05:30
2,2009,2,2,Malaysian Grand Prix,2023-08-19T21:48:05.430+05:30,2009-04-05T09:00:00.000+05:30
3,2009,3,17,Chinese Grand Prix,2023-08-19T21:48:05.430+05:30,2009-04-19T07:00:00.000+05:30
4,2009,4,3,Bahrain Grand Prix,2023-08-19T21:48:05.430+05:30,2009-04-26T12:00:00.000+05:30
5,2009,5,4,Spanish Grand Prix,2023-08-19T21:48:05.430+05:30,2009-05-10T12:00:00.000+05:30
6,2009,6,6,Monaco Grand Prix,2023-08-19T21:48:05.430+05:30,2009-05-24T12:00:00.000+05:30
7,2009,7,5,Turkish Grand Prix,2023-08-19T21:48:05.430+05:30,2009-06-07T12:00:00.000+05:30
8,2009,8,9,British Grand Prix,2023-08-19T21:48:05.430+05:30,2009-06-21T12:00:00.000+05:30
9,2009,9,20,German Grand Prix,2023-08-19T21:48:05.430+05:30,2009-07-12T12:00:00.000+05:30
10,2009,10,11,Hungarian Grand Prix,2023-08-19T21:48:05.430+05:30,2009-07-26T12:00:00.000+05:30
11,2009,11,12,European Grand Prix,2023-08-19T21:48:05.430+05:30,2009-08-23T12:00:00.000+05:30
12,2009,12,13,Belgian Grand Prix,2023-08-19T21:48:05.430+05:30,2009-08-30T12:00:00.000+05:30
13,2009,13,14,Italian Grand Prix,2023-08-19T21:48:05.430+05:30,2009-09-13T12:00:00.000+05:30
14,2009,14,15,Singapore Grand Prix,2023-08-19T21:48:05.430+05:30,2009-09-27T12:00:00.000+05:30
15,2009,15,22,Japanese Grand Prix,2023-08-19T21:48:05.430+05:30,2009-10-04T05:00:00.000+05:30
16,2009,16,18,Brazilian Grand Prix,2023-08-19T21:48:05.430+05:30,2009-10-18T16:00:00.000+05:30
17,2009,17,24,Abu Dhabi Grand Prix,2023-08-19T21:48:05.430+05:30,2009-11-01T11:00:00.000+05:30
18,2008,1,1,Australian Grand Prix,2023-08-19T21:48:05.430+05:30,2008-03-16T04:30:00.000+05:30
19,2008,2,2,Malaysian Grand Prix,2023-08-19T21:48:05.430+05:30,2008-03-23T07:00:00.000+05:30
20,2008,3,3,Bahrain Grand Prix,2023-08-19T21:48:05.430+05:30,2008-04-06T11:30:00.000+05:30
21,2008,4,4,Spanish Grand Prix,2023-08-19T21:48:05.430+05:30,2008-04-27T12:00:00.000+05:30
22,2008,5,5,Turkish Grand Prix,2023-08-19T21:48:05.430+05:30,2008-05-11T12:00:00.000+05:30
23,2008,6,6,Monaco Grand Prix,2023-08-19T21:48:05.430+05:30,2008-05-25T12:00:00.000+05:30
24,2008,7,7,Canadian Grand Prix,2023-08-19T21:48:05.430+05:30,2008-06-08T17:00:00.000+05:30
25,2008,8,8,French Grand Prix,2023-08-19T21:48:05.430+05:30,2008-06-22T12:00:00.000+05:30
26,2008,9,9,British Grand Prix,2023-08-19T21:48:05.430+05:30,2008-07-06T12:00:00.000+05:30
27,2008,10,10,German Grand Prix,2023-08-19T21:48:05.430+05:30,2008-07-20T12:00:00.000+05:30
28,2008,11,11,Hungarian Grand Prix,2023-08-19T21:48:05.430+05:30,2008-08-03T12:00:00.000+05:30
29,2008,12,12,European Grand Prix,2023-08-19T21:48:05.430+05:30,2008-08-24T12:00:00.000+05:30
30,2008,13,13,Belgian Grand Prix,2023-08-19T21:48:05.430+05:30,2008-09-07T12:00:00.000+05:30
31,2008,14,14,Italian Grand Prix,2023-08-19T21:48:05.430+05:30,2008-09-14T12:00:00.000+05:30
32,2008,15,15,Singapore Grand Prix,2023-08-19T21:48:05.430+05:30,2008-09-28T12:00:00.000+05:30
33,2008,16,16,Japanese Grand Prix,2023-08-19T21:48:05.430+05:30,2008-10-12T04:30:00.000+05:30
34,2008,17,17,Chinese Grand Prix,2023-08-19T21:48:05.430+05:30,2008-10-19T07:00:00.000+05:30
35,2008,18,18,Brazilian Grand Prix,2023-08-19T21:48:05.430+05:30,2008-11-02T17:00:00.000+05:30
36,2007,1,1,Australian Grand Prix,2023-08-19T21:48:05.430+05:30,2007-03-18T03:00:00.000+05:30
37,2007,2,2,Malaysian Grand Prix,2023-08-19T21:48:05.430+05:30,2007-04-08T07:00:00.000+05:30
38,2007,3,3,Bahrain Grand Prix,2023-08-19T21:48:05.430+05:30,2007-04-15T11:30:00.000+05:30
39,2007,4,4,Spanish Grand Prix,2023-08-19T21:48:05.430+05:30,2007-05-13T12:00:00.000+05:30
40,2007,5,6,Monaco Grand Prix,2023-08-19T21:48:05.430+05:30,2007-05-27T12:00:00.000+05:30
41,2007,6,7,Canadian Grand Prix,2023-08-19T21:48:05.430+05:30,2007-06-10T17:00:00.000+05:30
42,2007,7,19,United States Grand Prix,2023-08-19T21:48:05.430+05:30,2007-06-17T17:00:00.000+05:30
43,2007,8,8,French Grand Prix,2023-08-19T21:48:05.430+05:30,2007-07-01T12:00:00.000+05:30
44,2007,9,9,British Grand Prix,2023-08-19T21:48:05.430+05:30,2007-07-08T12:00:00.000+05:30
45,2007,10,20,European Grand Prix,2023-08-19T21:48:05.430+05:30,2007-07-22T12:00:00.000+05:30
46,2007,11,11,Hungarian Grand Prix,2023-08-19T21:48:05.430+05:30,2007-08-05T12:00:00.000+05:30
47,2007,12,5,Turkish Grand Prix,2023-08-19T21:48:05.430+05:30,2007-08-26T12:00:00.000+05:30
48,2007,13,14,Italian Grand Prix,2023-08-19T21:48:05.430+05:30,2007-09-09T12:00:00.000+05:30
49,2007,14,13,Belgian Grand Prix,2023-08-19T21:48:05.430+05:30,2007-09-16T12:00:00.000+05:30
50,2007,15,16,Japanese Grand Prix,2023-08-19T21:48:05.430+05:30,2007-09-30T04:30:00.000+05:30
51,2007,16,17,Chinese Grand Prix,2023-08-19T21:48:05.430+05:30,2007-10-07T06:00:00.000+05:30
52,2007,17,18,Brazilian Grand Prix,2023-08-19T21:48:05.430+05:30,2007-10-21T16:00:00.000+05:30
53,2006,1,3,Bahrain Grand Prix,2023-08-19T21:48:05.430+05:30,2006-03-12T14:30:00.000+05:30
54,2006,2,2,Malaysian Grand Prix,2023-08-19T21:48:05.430+05:30,2006-03-19T15:00:00.000+05:30
55,2006,3,1,Australian Grand Prix,2023-08-19T21:48:05.430+05:30,2006-04-02T14:00:00.000+05:30
56,2006,4,21,San Marino Grand Prix,2023-08-19T21:48:05.430+05:30,2006-04-23T14:00:00.000+05:30
57,2006,5,20,European Grand Prix,2023-08-19T21:48:05.430+05:30,2006-05-07T14:00:00.000+05:30
58,2006,6,4,Spanish Grand Prix,2023-08-19T21:48:05.430+05:30,2006-05-14T14:00:00.000+05:30
59,2006,7,6,Monaco Grand Prix,2023-08-19T21:48:05.430+05:30,2006-05-28T14:00:00.000+05:30
60,2006,8,9,British Grand Prix,2023-08-19T21:48:05.430+05:30,2006-06-11T12:00:00.000+05:30
61,2006,9,7,Canadian Grand Prix,2023-08-19T21:48:05.430+05:30,2006-06-25T13:00:00.000+05:30
62,2006,10,19,United States Grand Prix,2023-08-19T21:48:05.430+05:30,2006-07-02T14:00:00.000+05:30
63,2006,11,8,French Grand Prix,2023-08-19T21:48:05.430+05:30,2006-07-16T14:00:00.000+05:30
64,2006,12,10,German Grand Prix,2023-08-19T21:48:05.430+05:30,2006-07-30T14:00:00.000+05:30
65,2006,13,11,Hungarian Grand Prix,2023-08-19T21:48:05.430+05:30,2006-08-06T14:00:00.000+05:30
66,2006,14,5,Turkish Grand Prix,2023-08-19T21:48:05.430+05:30,2006-08-27T15:00:00.000+05:30
67,2006,15,14,Italian Grand Prix,2023-08-19T21:48:05.430+05:30,2006-09-10T14:00:00.000+05:30
68,2006,16,17,Chinese Grand Prix,2023-08-19T21:48:05.430+05:30,2006-10-01T14:00:00.000+05:30
69,2006,17,22,Japanese Grand Prix,2023-08-19T21:48:05.430+05:30,2006-10-08T14:00:00.000+05:30
70,2006,18,18,Brazilian Grand Prix,2023-08-19T21:48:05.430+05:30,2006-10-22T14:00:00.000+05:30
71,2005,1,1,Australian Grand Prix,2023-08-19T21:48:05.430+05:30,2005-03-06T14:00:00.000+05:30
72,2005,2,2,Malaysian Grand Prix,2023-08-19T21:48:05.430+05:30,2005-03-20T15:00:00.000+05:30
73,2005,3,3,Bahrain Grand Prix,2023-08-19T21:48:05.430+05:30,2005-04-03T14:30:00.000+05:30
74,2005,4,21,San Marino Grand Prix,2023-08-19T21:48:05.430+05:30,2005-04-24T14:00:00.000+05:30
75,2005,5,4,Spanish Grand Prix,2023-08-19T21:48:05.430+05:30,2005-05-08T14:00:00.000+05:30
76,2005,6,6,Monaco Grand Prix,2023-08-19T21:48:05.430+05:30,2005-05-22T14:00:00.000+05:30
77,2005,7,20,European Grand Prix,2023-08-19T21:48:05.430+05:30,2005-05-29T14:00:00.000+05:30
78,2005,8,7,Canadian Grand Prix,2023-08-19T21:48:05.430+05:30,2005-06-12T13:00:00.000+05:30
79,2005,9,19,United States Grand Prix,2023-08-19T21:48:05.430+05:30,2005-06-19T14:00:00.000+05:30
80,2005,10,8,French Grand Prix,2023-08-19T21:48:05.430+05:30,2005-07-03T14:00:00.000+05:30
81,2005,11,9,British Grand Prix,2023-08-19T21:48:05.430+05:30,2005-07-10T14:00:00.000+05:30
82,2005,12,10,German Grand Prix,2023-08-19T21:48:05.430+05:30,2005-07-24T14:00:00.000+05:30
83,2005,13,11,Hungarian Grand Prix,2023-08-19T21:48:05.430+05:30,2005-07-31T14:00:00.000+05:30
84,2005,14,5,Turkish Grand Prix,2023-08-19T21:48:05.430+05:30,2005-08-21T15:00:00.000+05:30
85,2005,15,14,Italian Grand Prix,2023-08-19T21:48:05.430+05:30,2005-09-04T14:00:00.000+05:30
86,2005,16,13,Belgian Grand Prix,2023-08-19T21:48:05.430+05:30,2005-09-11T14:00:00.000+05:30
87,2005,17,18,Brazilian Grand Prix,2023-08-19T21:48:05.430+05:30,2005-09-25T14:00:00.000+05:30
88,2005,18,22,Japanese Grand Prix,2023-08-19T21:48:05.430+05:30,2005-10-09T14:00:00.000+05:30
89,2005,19,17,Chinese Grand Prix,2023-08-19T21:48:05.430+05:30,2005-10-16T14:00:00.000+05:30
90,2004,1,1,Australian Grand Prix,2023-08-19T21:48:05.430+05:30,""
91,2004,2,2,Malaysian Grand Prix,2023-08-19T21:48:05.430+05:30,""
92,2004,3,3,Bahrain Grand Prix,2023-08-19T21:48:05.430+05:30,""
93,2004,4,21,San Marino Grand Prix,2023-08-19T21:48:05.430+05:30,""
94,2004,5,4,Spanish Grand Prix,2023-08-19T21:48:05.430+05:30,""
95,2004,6,6,Monaco Grand Prix,2023-08-19T21:48:05.430+05:30,""
96,2004,7,20,European Grand Prix,2023-08-19T21:48:05.430+05:30,""
97,2004,8,7,Canadian Grand Prix,2023-08-19T21:48:05.430+05:30,""
98,2004,9,19,United States Grand Prix,2023-08-19T21:48:05.430+05:30,""
99,2004,10,8,French Grand Prix,2023-08-19T21:48:05.430+05:30,""
100,2004,11,9,British Grand Prix,2023-08-19T21:48:05.430+05:30,""
101,2004,12,10,German Grand Prix,2023-08-19T21:48:05.430+05:30,""
102,2004,13,11,Hungarian Grand Prix,2023-08-19T21:48:05.430+05:30,""
103,2004,14,13,Belgian Grand Prix,2023-08-19T21:48:05.430+05:30,""
104,2004,15,14,Italian Grand Prix,2023-08-19T21:48:05.430+05:30,""
105,2004,16,17,Chinese Grand Prix,2023-08-19T21:48:05.430+05:30,""
106,2004,17,22,Japanese Grand Prix,2023-08-19T21:48:05.430+05:30,""
107,2004,18,18,Brazilian Grand Prix,2023-08-19T21:48:05.430+05:30,""
108,2003,1,1,Australian Grand Prix,2023-08-19T21:48:05.430+05:30,""
109,2003,2,2,Malaysian Grand Prix,2023-08-19T21:48:05.430+05:30,""
110,2003,3,18,Brazilian Grand Prix,2023-08-19T21:48:05.430+05:30,""
111,2003,4,21,San Marino Grand Prix,2023-08-19T21:48:05.430+05:30,""
112,2003,5,4,Spanish Grand Prix,2023-08-19T21:48:05.430+05:30,""
113,2003,6,23,Austrian Grand Prix,2023-08-19T21:48:05.430+05:30,""
114,2003,7,6,Monaco Grand Prix,2023-08-19T21:48:05.430+05:30,""
115,2003,8,7,Canadian Grand Prix,2023-08-19T21:48:05.430+05:30,""
116,2003,9,20,European Grand Prix,2023-08-19T21:48:05.430+05:30,""
117,2003,10,8,French Grand Prix,2023-08-19T21:48:05.430+05:30,""
118,2003,11,9,British Grand Prix,2023-08-19T21:48:05.430+05:30,""
119,2003,12,10,German Grand Prix,2023-08-19T21:48:05.430+05:30,""
120,2003,13,11,Hungarian Grand Prix,2023-08-19T21:48:05.430+05:30,""
121,2003,14,14,Italian Grand Prix,2023-08-19T21:48:05.430+05:30,""
122,2003,15,19,United States Grand Prix,2023-08-19T21:48:05.430+05:30,""
123,2003,16,22,Japanese Grand Prix,2023-08-19T21:48:05.430+05:30,""
124,2002,1,1,Australian Grand Prix,2023-08-19T21:48:05.430+05:30,""
125,2002,2,2,Malaysian Grand Prix,2023-08-19T21:48:05.430+05:30,""
126,2002,3,18,Brazilian Grand Prix,2023-08-19T21:48:05.430+05:30,""
127,2002,4,21,San Marino Grand Prix,2023-08-19T21:48:05.430+05:30,""
128,2002,5,4,Spanish Grand Prix,2023-08-19T21:48:05.430+05:30,""
129,2002,6,23,Austrian Grand Prix,2023-08-19T21:48:05.430+05:30,""
130,2002,7,6,Monaco Grand Prix,2023-08-19T21:48:05.430+05:30,""
131,2002,8,7,Canadian Grand Prix,2023-08-19T21:48:05.430+05:30,""
132,2002,9,20,European Grand Prix,2023-08-19T21:48:05.430+05:30,""
133,2002,10,9,British Grand Prix,2023-08-19T21:48:05.430+05:30,""
134,2002,11,8,French Grand Prix,2023-08-19T21:48:05.430+05:30,""
135,2002,12,10,German Grand Prix,2023-08-19T21:48:05.430+05:30,""
136,2002,13,11,Hungarian Grand Prix,2023-08-19T21:48:05.430+05:30,""
137,2002,14,13,Belgian Grand Prix,2023-08-19T21:48:05.430+05:30,""
138,2002,15,14,Italian Grand Prix,2023-08-19T21:48:05.430+05:30,""
139,2002,16,19,United States Grand Prix,2023-08-19T21:48:05.430+05:30,""
140,2002,17,22,Japanese Grand Prix,2023-08-19T21:48:05.430+05:30,""
141,2001,1,1,Australian Grand Prix,2023-08-19T21:48:05.430+05:30,""
142,2001,2,2,Malaysian Grand Prix,2023-08-19T21:48:05.430+05:30,""
143,2001,3,18,Brazilian Grand Prix,2023-08-19T21:48:05.430+05:30,""
144,2001,4,21,San Marino Grand Prix,2023-08-19T21:48:05.430+05:30,""
145,2001,5,4,Spanish Grand Prix,2023-08-19T21:48:05.430+05:30,""
146,2001,6,23,Austrian Grand Prix,2023-08-19T21:48:05.430+05:30,""
147,2001,7,6,Monaco Grand Prix,2023-08-19T21:48:05.430+05:30,""
148,2001,8,7,Canadian Grand Prix,2023-08-19T21:48:05.430+05:30,""
149,2001,9,20,European Grand Prix,2023-08-19T21:48:05.430+05:30,""
150,2001,10,8,French Grand Prix,2023-08-19T21:48:05.430+05:30,""
151,2001,11,9,British Grand Prix,2023-08-19T21:48:05.430+05:30,""
152,2001,12,10,German Grand Prix,2023-08-19T21:48:05.430+05:30,""
153,2001,13,11,Hungarian Grand Prix,2023-08-19T21:48:05.430+05:30,""
154,2001,14,13,Belgian Grand Prix,2023-08-19T21:48:05.430+05:30,""
155,2001,15,14,Italian Grand Prix,2023-08-19T21:48:05.430+05:30,""
156,2001,16,19,United States Grand Prix,2023-08-19T21:48:05.430+05:30,""
157,2001,17,22,Japanese Grand Prix,2023-08-19T21:48:05.430+05:30,""
158,2000,1,1,Australian Grand Prix,2023-08-19T21:48:05.430+05:30,""
159,2000,2,18,Brazilian Grand Prix,2023-08-19T21:48:05.430+05:30,""
160,2000,3,21,San Marino Grand Prix,2023-08-19T21:48:05.430+05:30,""
161,2000,4,9,British Grand Prix,2023-08-19T21:48:05.430+05:30,""
162,2000,5,4,Spanish Grand Prix,2023-08-19T21:48:05.430+05:30,""
163,2000,6,20,European Grand Prix,2023-08-19T21:48:05.430+05:30,""
164,2000,7,6,Monaco Grand Prix,2023-08-19T21:48:05.430+05:30,""
165,2000,8,7,Canadian Grand Prix,2023-08-19T21:48:05.430+05:30,""
166,2000,9,8,French Grand Prix,2023-08-19T21:48:05.430+05:30,""
167,2000,10,23,Austrian Grand Prix,2023-08-19T21:48:05.430+05:30,""
168,2000,11,10,German Grand Prix,2023-08-19T21:48:05.430+05:30,""
169,2000,12,11,Hungarian Grand Prix,2023-08-19T21:48:05.430+05:30,""
170,2000,13,13,Belgian Grand Prix,2023-08-19T21:48:05.430+05:30,""
171,2000,14,14,Italian Grand Prix,2023-08-19T21:48:05.430+05:30,""
172,2000,15,19,United States Grand Prix,2023-08-19T21:48:05.430+05:30,""
173,2000,16,22,Japanese Grand Prix,2023-08-19T21:48:05.430+05:30,""
174,2000,17,2,Malaysian Grand Prix,2023-08-19T21:48:05.430+05:30,""
175,1999,1,1,Australian Grand Prix,2023-08-19T21:48:05.430+05:30,""
176,1999,2,18,Brazilian Grand Prix,2023-08-19T21:48:05.430+05:30,""
177,1999,3,21,San Marino Grand Prix,2023-08-19T21:48:05.430+05:30,""
178,1999,4,6,Monaco Grand Prix,2023-08-19T21:48:05.430+05:30,""
179,1999,5,4,Spanish Grand Prix,2023-08-19T21:48:05.430+05:30,""
180,1999,6,7,Canadian Grand Prix,2023-08-19T21:48:05.430+05:30,""
181,1999,7,8,French Grand Prix,2023-08-19T21:48:05.430+05:30,""
182,1999,8,9,British Grand Prix,2023-08-19T21:48:05.430+05:30,""
183,1999,9,23,Austrian Grand Prix,2023-08-19T21:48:05.430+05:30,""
184,1999,10,10,German Grand Prix,2023-08-19T21:48:05.430+05:30,""
185,1999,11,11,Hungarian Grand Prix,2023-08-19T21:48:05.430+05:30,""
186,1999,12,13,Belgian Grand Prix,2023-08-19T21:48:05.430+05:30,""
187,1999,13,14,Italian Grand Prix,2023-08-19T21:48:05.430+05:30,""
188,1999,14,20,European Grand Prix,2023-08-19T21:48:05.430+05:30,""
189,1999,15,2,Malaysian Grand Prix,2023-08-19T21:48:05.430+05:30,""
190,1999,16,22,Japanese Grand Prix,2023-08-19T21:48:05.430+05:30,""
191,1998,1,1,Australian Grand Prix,2023-08-19T21:48:05.430+05:30,""
192,1998,2,18,Brazilian Grand Prix,2023-08-19T21:48:05.430+05:30,""
193,1998,3,25,Argentine Grand Prix,2023-08-19T21:48:05.430+05:30,""
194,1998,4,21,San Marino Grand Prix,2023-08-19T21:48:05.430+05:30,""
195,1998,5,4,Spanish Grand Prix,2023-08-19T21:48:05.430+05:30,""
196,1998,6,6,Monaco Grand Prix,2023-08-19T21:48:05.430+05:30,""
197,1998,7,7,Canadian Grand Prix,2023-08-19T21:48:05.430+05:30,""
198,1998,8,8,French Grand Prix,2023-08-19T21:48:05.430+05:30,""
199,1998,9,9,British Grand Prix,2023-08-19T21:48:05.430+05:30,""
200,1998,10,23,Austrian Grand Prix,2023-08-19T21:48:05.430+05:30,""
201,1998,11,10,German Grand Prix,2023-08-19T21:48:05.430+05:30,""
202,1998,12,11,Hungarian Grand Prix,2023-08-19T21:48:05.430+05:30,""
203,1998,13,13,Belgian Grand Prix,2023-08-19T21:48:05.430+05:30,""
204,1998,14,14,Italian Grand Prix,2023-08-19T21:48:05.430+05:30,""
205,1998,15,20,Luxembourg Grand Prix,2023-08-19T21:48:05.430+05:30,""
206,1998,16,22,Japanese Grand Prix,2023-08-19T21:48:05.430+05:30,""
207,1997,1,1,Australian Grand Prix,2023-08-19T21:48:05.430+05:30,""
208,1997,2,18,Brazilian Grand Prix,2023-08-19T21:48:05.430+05:30,""
209,1997,3,25,Argentine Grand Prix,2023-08-19T21:48:05.430+05:30,""
210,1997,4,21,San Marino Grand Prix,2023-08-19T21:48:05.430+05:30,""
211,1997,5,6,Monaco Grand Prix,2023-08-19T21:48:05.430+05:30,""
212,1997,6,4,Spanish Grand Prix,2023-08-19T21:48:05.430+05:30,""
213,1997,7,7,Canadian Grand Prix,2023-08-19T21:48:05.430+05:30,""
214,1997,8,8,French Grand Prix,2023-08-19T21:48:05.430+05:30,""
215,1997,9,9,British Grand Prix,2023-08-19T21:48:05.430+05:30,""
216,1997,10,10,German Grand Prix,2023-08-19T21:48:05.430+05:30,""
217,1997,11,11,Hungarian Grand Prix,2023-08-19T21:48:05.430+05:30,""
218,1997,12,13,Belgian Grand Prix,2023-08-19T21:48:05.430+05:30,""
219,1997,13,14,Italian Grand Prix,2023-08-19T21:48:05.430+05:30,""
220,1997,14,23,Austrian Grand Prix,2023-08-19T21:48:05.430+05:30,""
221,1997,15,20,Luxembourg Grand Prix,2023-08-19T21:48:05.430+05:30,""
222,1997,16,22,Japanese Grand Prix,2023-08-19T21:48:05.430+05:30,""
223,1997,17,26,European Grand Prix,2023-08-19T21:48:05.430+05:30,""
224,1996,1,1,Australian Grand Prix,2023-08-19T21:48:05.430+05:30,""
225,1996,2,18,Brazilian Grand Prix,2023-08-19T21:48:05.430+05:30,""
226,1996,3,25,Argentine Grand Prix,2023-08-19T21:48:05.430+05:30,""
227,1996,4,20,European Grand Prix,2023-08-19T21:48:05.430+05:30,""
228,1996,5,21,San Marino Grand Prix,2023-08-19T21:48:05.430+05:30,""
229,1996,6,6,Monaco Grand Prix,2023-08-19T21:48:05.430+05:30,""
230,1996,7,4,Spanish Grand Prix,2023-08-19T21:48:05.430+05:30,""
231,1996,8,7,Canadian Grand Prix,2023-08-19T21:48:05.430+05:30,""
232,1996,9,8,French Grand Prix,2023-08-19T21:48:05.430+05:30,""
233,1996,10,9,British Grand Prix,2023-08-19T21:48:05.430+05:30,""
234,1996,11,10,German Grand Prix,2023-08-19T21:48:05.430+05:30,""
235,1996,12,11,Hungarian Grand Prix,2023-08-19T21:48:05.430+05:30,""
236,1996,13,13,Belgian Grand Prix,2023-08-19T21:48:05.430+05:30,""
237,1996,14,14,Italian Grand Prix,2023-08-19T21:48:05.430+05:30,""
238,1996,15,27,Portuguese Grand Prix,2023-08-19T21:48:05.430+05:30,""
239,1996,16,22,Japanese Grand Prix,2023-08-19T21:48:05.430+05:30,""
240,1995,1,18,Brazilian Grand Prix,2023-08-19T21:48:05.430+05:30,""
241,1995,2,25,Argentine Grand Prix,2023-08-19T21:48:05.430+05:30,""
242,1995,3,21,San Marino Grand Prix,2023-08-19T21:48:05.430+05:30,""
243,1995,4,4,Spanish Grand Prix,2023-08-19T21:48:05.430+05:30,""
244,1995,5,6,Monaco Grand Prix,2023-08-19T21:48:05.430+05:30,""
245,1995,6,7,Canadian Grand Prix,2023-08-19T21:48:05.430+05:30,""
246,1995,7,8,French Grand Prix,2023-08-19T21:48:05.430+05:30,""
247,1995,8,9,British Grand Prix,2023-08-19T21:48:05.430+05:30,""
248,1995,9,10,German Grand Prix,2023-08-19T21:48:05.430+05:30,""
249,1995,10,11,Hungarian Grand Prix,2023-08-19T21:48:05.430+05:30,""
250,1995,11,13,Belgian Grand Prix,2023-08-19T21:48:05.430+05:30,""
251,1995,12,14,Italian Grand Prix,2023-08-19T21:48:05.430+05:30,""
252,1995,13,27,Portuguese Grand Prix,2023-08-19T21:48:05.430+05:30,""
253,1995,14,20,European Grand Prix,2023-08-19T21:48:05.430+05:30,""
254,1995,15,28,Pacific Grand Prix,2023-08-19T21:48:05.430+05:30,""
255,1995,16,22,Japanese Grand Prix,2023-08-19T21:48:05.430+05:30,""
256,1995,17,29,Australian Grand Prix,2023-08-19T21:48:05.430+05:30,""
257,1994,1,18,Brazilian Grand Prix,2023-08-19T21:48:05.430+05:30,""
258,1994,2,28,Pacific Grand Prix,2023-08-19T21:48:05.430+05:30,""
259,1994,3,21,San Marino Grand Prix,2023-08-19T21:48:05.430+05:30,""
260,1994,4,6,Monaco Grand Prix,2023-08-19T21:48:05.430+05:30,""
261,1994,5,4,Spanish Grand Prix,2023-08-19T21:48:05.430+05:30,""
262,1994,6,7,Canadian Grand Prix,2023-08-19T21:48:05.430+05:30,""
263,1994,7,8,French Grand Prix,2023-08-19T21:48:05.430+05:30,""
264,1994,8,9,British Grand Prix,2023-08-19T21:48:05.430+05:30,""
265,1994,9,10,German Grand Prix,2023-08-19T21:48:05.430+05:30,""
266,1994,10,11,Hungarian Grand Prix,2023-08-19T21:48:05.430+05:30,""
267,1994,11,13,Belgian Grand Prix,2023-08-19T21:48:05.430+05:30,""
268,1994,12,14,Italian Grand Prix,2023-08-19T21:48:05.430+05:30,""
269,1994,13,27,Portuguese Grand Prix,2023-08-19T21:48:05.430+05:30,""
270,1994,14,26,European Grand Prix,2023-08-19T21:48:05.430+05:30,""
271,1994,15,22,Japanese Grand Prix,2023-08-19T21:48:05.430+05:30,""
272,1994,16,29,Australian Grand Prix,2023-08-19T21:48:05.430+05:30,""
273,1993,1,30,South African Grand Prix,2023-08-19T21:48:05.430+05:30,""
274,1993,2,18,Brazilian Grand Prix,2023-08-19T21:48:05.430+05:30,""
275,1993,3,31,European Grand Prix,2023-08-19T21:48:05.430+05:30,""
276,1993,4,21,San Marino Grand Prix,2023-08-19T21:48:05.430+05:30,""
277,1993,5,4,Spanish Grand Prix,2023-08-19T21:48:05.430+05:30,""
278,1993,6,6,Monaco Grand Prix,2023-08-19T21:48:05.430+05:30,""
279,1993,7,7,Canadian Grand Prix,2023-08-19T21:48:05.430+05:30,""
280,1993,8,8,French Grand Prix,2023-08-19T21:48:05.430+05:30,""
281,1993,9,9,British Grand Prix,2023-08-19T21:48:05.430+05:30,""
282,1993,10,10,German Grand Prix,2023-08-19T21:48:05.430+05:30,""
283,1993,11,11,Hungarian Grand Prix,2023-08-19T21:48:05.430+05:30,""
284,1993,12,13,Belgian Grand Prix,2023-08-19T21:48:05.430+05:30,""
285,1993,13,14,Italian Grand Prix,2023-08-19T21:48:05.430+05:30,""
286,1993,14,27,Portuguese Grand Prix,2023-08-19T21:48:05.430+05:30,""
287,1993,15,22,Japanese Grand Prix,2023-08-19T21:48:05.430+05:30,""
288,1993,16,29,Australian Grand Prix,2023-08-19T21:48:05.430+05:30,""
289,1992,1,30,South African Grand Prix,2023-08-19T21:48:05.430+05:30,""
290,1992,2,32,Mexican Grand Prix,2023-08-19T21:48:05.430+05:30,""
291,1992,3,18,Brazilian Grand Prix,2023-08-19T21:48:05.430+05:30,""
292,1992,4,4,Spanish Grand Prix,2023-08-19T21:48:05.430+05:30,""
293,1992,5,21,San Marino Grand Prix,2023-08-19T21:48:05.430+05:30,""
294,1992,6,6,Monaco Grand Prix,2023-08-19T21:48:05.430+05:30,""
295,1992,7,7,Canadian Grand Prix,2023-08-19T21:48:05.430+05:30,""
296,1992,8,8,French Grand Prix,2023-08-19T21:48:05.430+05:30,""
297,1992,9,9,British Grand Prix,2023-08-19T21:48:05.430+05:30,""
298,1992,10,10,German Grand Prix,2023-08-19T21:48:05.430+05:30,""
299,1992,11,11,Hungarian Grand Prix,2023-08-19T21:48:05.430+05:30,""
300,1992,12,13,Belgian Grand Prix,2023-08-19T21:48:05.430+05:30,""
301,1992,13,14,Italian Grand Prix,2023-08-19T21:48:05.430+05:30,""
302,1992,14,27,Portuguese Grand Prix,2023-08-19T21:48:05.430+05:30,""
303,1992,15,22,Japanese Grand Prix,2023-08-19T21:48:05.430+05:30,""
304,1992,16,29,Australian Grand Prix,2023-08-19T21:48:05.430+05:30,""
305,1991,1,33,United States Grand Prix,2023-08-19T21:48:05.430+05:30,""
306,1991,2,18,Brazilian Grand Prix,2023-08-19T21:48:05.430+05:30,""
307,1991,3,21,San Marino Grand Prix,2023-08-19T21:48:05.430+05:30,""
308,1991,4,6,Monaco Grand Prix,2023-08-19T21:48:05.430+05:30,""
309,1991,5,7,Canadian Grand Prix,2023-08-19T21:48:05.430+05:30,""
310,1991,6,32,Mexican Grand Prix,2023-08-19T21:48:05.430+05:30,""
311,1991,7,8,French Grand Prix,2023-08-19T21:48:05.430+05:30,""
312,1991,8,9,British Grand Prix,2023-08-19T21:48:05.430+05:30,""
313,1991,9,10,German Grand Prix,2023-08-19T21:48:05.430+05:30,""
314,1991,10,11,Hungarian Grand Prix,2023-08-19T21:48:05.430+05:30,""
315,1991,11,13,Belgian Grand Prix,2023-08-19T21:48:05.430+05:30,""
316,1991,12,14,Italian Grand Prix,2023-08-19T21:48:05.430+05:30,""
317,1991,13,27,Portuguese Grand Prix,2023-08-19T21:48:05.430+05:30,""
318,1991,14,4,Spanish Grand Prix,2023-08-19T21:48:05.430+05:30,""
319,1991,15,22,Japanese Grand Prix,2023-08-19T21:48:05.430+05:30,""
320,1991,16,29,Australian Grand Prix,2023-08-19T21:48:05.430+05:30,""
321,1990,1,33,United States Grand Prix,2023-08-19T21:48:05.430+05:30,""
322,1990,2,18,Brazilian Grand Prix,2023-08-19T21:48:05.430+05:30,""
323,1990,3,21,San Marino Grand Prix,2023-08-19T21:48:05.430+05:30,""
324,1990,4,6,Monaco Grand Prix,2023-08-19T21:48:05.430+05:30,""
325,1990,5,7,Canadian Grand Prix,2023-08-19T21:48:05.430+05:30,""
326,1990,6,32,Mexican Grand Prix,2023-08-19T21:48:05.430+05:30,""
327,1990,7,34,French Grand Prix,2023-08-19T21:48:05.430+05:30,""
328,1990,8,9,British Grand Prix,2023-08-19T21:48:05.430+05:30,""
329,1990,9,10,German Grand Prix,2023-08-19T21:48:05.430+05:30,""
330,1990,10,11,Hungarian Grand Prix,2023-08-19T21:48:05.430+05:30,""
331,1990,11,13,Belgian Grand Prix,2023-08-19T21:48:05.430+05:30,""
332,1990,12,14,Italian Grand Prix,2023-08-19T21:48:05.430+05:30,""
333,1990,13,27,Portuguese Grand Prix,2023-08-19T21:48:05.430+05:30,""
334,1990,14,26,Spanish Grand Prix,2023-08-19T21:48:05.430+05:30,""
335,1990,15,22,Japanese Grand Prix,2023-08-19T21:48:05.430+05:30,""
336,1990,16,29,Australian Grand Prix,2023-08-19T21:48:05.430+05:30,""
337,2010,1,3,Bahrain Grand Prix,2023-08-19T21:48:05.430+05:30,2010-03-14T12:00:00.000+05:30
338,2010,2,1,Australian Grand Prix,2023-08-19T21:48:05.430+05:30,2010-03-28T06:00:00.000+05:30
339,2010,3,2,Malaysian Grand Prix,2023-08-19T21:48:05.430+05:30,2010-04-04T08:00:00.000+05:30
340,2010,4,17,Chinese Grand Prix,2023-08-19T21:48:05.430+05:30,2010-04-18T06:00:00.000+05:30
341,2010,5,4,Spanish Grand Prix,2023-08-19T21:48:05.430+05:30,2010-05-09T12:00:00.000+05:30
342,2010,6,6,Monaco Grand Prix,2023-08-19T21:48:05.430+05:30,2010-05-16T12:00:00.000+05:30
343,2010,7,5,Turkish Grand Prix,2023-08-19T21:48:05.430+05:30,2010-05-30T11:00:00.000+05:30
344,2010,8,7,Canadian Grand Prix,2023-08-19T21:48:05.430+05:30,2010-06-13T16:00:00.000+05:30
345,2010,9,12,European Grand Prix,2023-08-19T21:48:05.430+05:30,2010-06-27T12:00:00.000+05:30
346,2010,10,9,British Grand Prix,2023-08-19T21:48:05.430+05:30,2010-07-11T12:00:00.000+05:30
347,2010,11,10,German Grand Prix,2023-08-19T21:48:05.430+05:30,2010-07-25T12:00:00.000+05:30
348,2010,12,11,Hungarian Grand Prix,2023-08-19T21:48:05.430+05:30,2010-08-01T12:00:00.000+05:30
349,2010,13,13,Belgian Grand Prix,2023-08-19T21:48:05.430+05:30,2010-08-29T12:00:00.000+05:30
350,2010,14,14,Italian Grand Prix,2023-08-19T21:48:05.430+05:30,2010-09-12T12:00:00.000+05:30
351,2010,15,15,Singapore Grand Prix,2023-08-19T21:48:05.430+05:30,2010-09-26T12:00:00.000+05:30
352,2010,16,22,Japanese Grand Prix,2023-08-19T21:48:05.430+05:30,2010-10-10T06:00:00.000+05:30
353,2010,17,35,Korean Grand Prix,2023-08-19T21:48:05.430+05:30,2010-10-24T05:00:00.000+05:30
354,2010,18,18,Brazilian Grand Prix,2023-08-19T21:48:05.430+05:30,2010-11-07T16:00:00.000+05:30
355,2010,19,24,Abu Dhabi Grand Prix,2023-08-19T21:48:05.430+05:30,2010-11-14T13:00:00.000+05:30
356,1989,1,36,Brazilian Grand Prix,2023-08-19T21:48:05.430+05:30,""
357,1989,2,21,San Marino Grand Prix,2023-08-19T21:48:05.430+05:30,""
358,1989,3,6,Monaco Grand Prix,2023-08-19T21:48:05.430+05:30,""
359,1989,4,32,Mexican Grand Prix,2023-08-19T21:48:05.430+05:30,""
360,1989,5,33,United States Grand Prix,2023-08-19T21:48:05.430+05:30,""
361,1989,6,7,Canadian Grand Prix,2023-08-19T21:48:05.430+05:30,""
362,1989,7,34,French Grand Prix,2023-08-19T21:48:05.430+05:30,""
363,1989,8,9,British Grand Prix,2023-08-19T21:48:05.430+05:30,""
364,1989,9,10,German Grand Prix,2023-08-19T21:48:05.430+05:30,""
365,1989,10,11,Hungarian Grand Prix,2023-08-19T21:48:05.430+05:30,""
366,1989,11,13,Belgian Grand Prix,2023-08-19T21:48:05.430+05:30,""
367,1989,12,14,Italian Grand Prix,2023-08-19T21:48:05.430+05:30,""
368,1989,13,27,Portuguese Grand Prix,2023-08-19T21:48:05.430+05:30,""
369,1989,14,26,Spanish Grand Prix,2023-08-19T21:48:05.430+05:30,""
370,1989,15,22,Japanese Grand Prix,2023-08-19T21:48:05.430+05:30,""
371,1989,16,29,Australian Grand Prix,2023-08-19T21:48:05.430+05:30,""
372,1988,1,36,Brazilian Grand Prix,2023-08-19T21:48:05.430+05:30,""
373,1988,2,21,San Marino Grand Prix,2023-08-19T21:48:05.430+05:30,""
374,1988,3,6,Monaco Grand Prix,2023-08-19T21:48:05.430+05:30,""
375,1988,4,32,Mexican Grand Prix,2023-08-19T21:48:05.430+05:30,""
376,1988,5,7,Canadian Grand Prix,2023-08-19T21:48:05.430+05:30,""
377,1988,6,37,Detroit Grand Prix,2023-08-19T21:48:05.430+05:30,""
378,1988,7,34,French Grand Prix,2023-08-19T21:48:05.430+05:30,""
379,1988,8,9,British Grand Prix,2023-08-19T21:48:05.430+05:30,""
380,1988,9,10,German Grand Prix,2023-08-19T21:48:05.430+05:30,""
381,1988,10,11,Hungarian Grand Prix,2023-08-19T21:48:05.430+05:30,""
382,1988,11,13,Belgian Grand Prix,2023-08-19T21:48:05.430+05:30,""
383,1988,12,14,Italian Grand Prix,2023-08-19T21:48:05.430+05:30,""
384,1988,13,27,Portuguese Grand Prix,2023-08-19T21:48:05.430+05:30,""
385,1988,14,26,Spanish Grand Prix,2023-08-19T21:48:05.430+05:30,""
386,1988,15,22,Japanese Grand Prix,2023-08-19T21:48:05.430+05:30,""
387,1988,16,29,Australian Grand Prix,2023-08-19T21:48:05.430+05:30,""
388,1987,1,36,Brazilian Grand Prix,2023-08-19T21:48:05.430+05:30,""
389,1987,2,21,San Marino Grand Prix,2023-08-19T21:48:05.430+05:30,""
390,1987,3,13,Belgian Grand Prix,2023-08-19T21:48:05.430+05:30,""
391,1987,4,6,Monaco Grand Prix,2023-08-19T21:48:05.430+05:30,""
392,1987,5,37,Detroit Grand Prix,2023-08-19T21:48:05.430+05:30,""
393,1987,6,34,French Grand Prix,2023-08-19T21:48:05.430+05:30,""
394,1987,7,9,British Grand Prix,2023-08-19T21:48:05.430+05:30,""
395,1987,8,10,German Grand Prix,2023-08-19T21:48:05.430+05:30,""
396,1987,9,11,Hungarian Grand Prix,2023-08-19T21:48:05.430+05:30,""
397,1987,10,23,Austrian Grand Prix,2023-08-19T21:48:05.430+05:30,""
398,1987,11,14,Italian Grand Prix,2023-08-19T21:48:05.430+05:30,""
399,1987,12,27,Portuguese Grand Prix,2023-08-19T21:48:05.430+05:30,""
400,1987,13,26,Spanish Grand Prix,2023-08-19T21:48:05.430+05:30,""
401,1987,14,32,Mexican Grand Prix,2023-08-19T21:48:05.430+05:30,""
402,1987,15,22,Japanese Grand Prix,2023-08-19T21:48:05.430+05:30,""
403,1987,16,29,Australian Grand Prix,2023-08-19T21:48:05.430+05:30,""
404,1986,1,36,Brazilian Grand Prix,2023-08-19T21:48:05.430+05:30,""
405,1986,2,26,Spanish Grand Prix,2023-08-19T21:48:05.430+05:30,""
406,1986,3,21,San Marino Grand Prix,2023-08-19T21:48:05.430+05:30,""
407,1986,4,6,Monaco Grand Prix,2023-08-19T21:48:05.430+05:30,""
408,1986,5,13,Belgian Grand Prix,2023-08-19T21:48:05.430+05:30,""
409,1986,6,7,Canadian Grand Prix,2023-08-19T21:48:05.430+05:30,""
410,1986,7,37,Detroit Grand Prix,2023-08-19T21:48:05.430+05:30,""
411,1986,8,34,French Grand Prix,2023-08-19T21:48:05.430+05:30,""
412,1986,9,38,British Grand Prix,2023-08-19T21:48:05.430+05:30,""
413,1986,10,10,German Grand Prix,2023-08-19T21:48:05.430+05:30,""
414,1986,11,11,Hungarian Grand Prix,2023-08-19T21:48:05.430+05:30,""
415,1986,12,23,Austrian Grand Prix,2023-08-19T21:48:05.430+05:30,""
416,1986,13,14,Italian Grand Prix,2023-08-19T21:48:05.430+05:30,""
417,1986,14,27,Portuguese Grand Prix,2023-08-19T21:48:05.430+05:30,""
418,1986,15,32,Mexican Grand Prix,2023-08-19T21:48:05.430+05:30,""
419,1986,16,29,Australian Grand Prix,2023-08-19T21:48:05.430+05:30,""
420,1985,1,36,Brazilian Grand Prix,2023-08-19T21:48:05.430+05:30,""
421,1985,2,27,Portuguese Grand Prix,2023-08-19T21:48:05.430+05:30,""
422,1985,3,21,San Marino Grand Prix,2023-08-19T21:48:05.430+05:30,""
423,1985,4,6,Monaco Grand Prix,2023-08-19T21:48:05.430+05:30,""
424,1985,5,7,Canadian Grand Prix,2023-08-19T21:48:05.430+05:30,""
425,1985,6,37,Detroit Grand Prix,2023-08-19T21:48:05.430+05:30,""
426,1985,7,34,French Grand Prix,2023-08-19T21:48:05.430+05:30,""
427,1985,8,9,British Grand Prix,2023-08-19T21:48:05.430+05:30,""
428,1985,9,20,German Grand Prix,2023-08-19T21:48:05.430+05:30,""
429,1985,10,23,Austrian Grand Prix,2023-08-19T21:48:05.430+05:30,""
430,1985,11,39,Dutch Grand Prix,2023-08-19T21:48:05.430+05:30,""
431,1985,12,14,Italian Grand Prix,2023-08-19T21:48:05.430+05:30,""
432,1985,13,13,Belgian Grand Prix,2023-08-19T21:48:05.430+05:30,""
433,1985,14,38,European Grand Prix,2023-08-19T21:48:05.430+05:30,""
434,1985,15,30,South African Grand Prix,2023-08-19T21:48:05.430+05:30,""
435,1985,16,29,Australian Grand Prix,2023-08-19T21:48:05.430+05:30,""
436,1984,1,36,Brazilian Grand Prix,2023-08-19T21:48:05.430+05:30,""
437,1984,2,30,South African Grand Prix,2023-08-19T21:48:05.430+05:30,""
438,1984,3,40,Belgian Grand Prix,2023-08-19T21:48:05.430+05:30,""
439,1984,4,21,San Marino Grand Prix,2023-08-19T21:48:05.430+05:30,""
440,1984,5,41,French Grand Prix,2023-08-19T21:48:05.430+05:30,""
441,1984,6,6,Monaco Grand Prix,2023-08-19T21:48:05.430+05:30,""
442,1984,7,7,Canadian Grand Prix,2023-08-19T21:48:05.430+05:30,""
443,1984,8,37,Detroit Grand Prix,2023-08-19T21:48:05.430+05:30,""
444,1984,9,42,Dallas Grand Prix,2023-08-19T21:48:05.430+05:30,""
445,1984,10,38,British Grand Prix,2023-08-19T21:48:05.430+05:30,""
446,1984,11,10,German Grand Prix,2023-08-19T21:48:05.430+05:30,""
447,1984,12,23,Austrian Grand Prix,2023-08-19T21:48:05.430+05:30,""
448,1984,13,39,Dutch Grand Prix,2023-08-19T21:48:05.430+05:30,""
449,1984,14,14,Italian Grand Prix,2023-08-19T21:48:05.430+05:30,""
450,1984,15,20,European Grand Prix,2023-08-19T21:48:05.430+05:30,""
451,1984,16,27,Portuguese Grand Prix,2023-08-19T21:48:05.430+05:30,""
452,1983,1,36,Brazilian Grand Prix,2023-08-19T21:48:05.430+05:30,""
453,1983,2,43,United States Grand Prix West,2023-08-19T21:48:05.430+05:30,""
454,1983,3,34,French Grand Prix,2023-08-19T21:48:05.430+05:30,""
455,1983,4,21,San Marino Grand Prix,2023-08-19T21:48:05.430+05:30,""
456,1983,5,6,Monaco Grand Prix,2023-08-19T21:48:05.430+05:30,""
457,1983,6,13,Belgian Grand Prix,2023-08-19T21:48:05.430+05:30,""
458,1983,7,37,Detroit Grand Prix,2023-08-19T21:48:05.430+05:30,""
459,1983,8,7,Canadian Grand Prix,2023-08-19T21:48:05.430+05:30,""
460,1983,9,9,British Grand Prix,2023-08-19T21:48:05.430+05:30,""
461,1983,10,10,German Grand Prix,2023-08-19T21:48:05.430+05:30,""
462,1983,11,23,Austrian Grand Prix,2023-08-19T21:48:05.430+05:30,""
463,1983,12,39,Dutch Grand Prix,2023-08-19T21:48:05.430+05:30,""
464,1983,13,14,Italian Grand Prix,2023-08-19T21:48:05.430+05:30,""
465,1983,14,38,European Grand Prix,2023-08-19T21:48:05.430+05:30,""
466,1983,15,30,South African Grand Prix,2023-08-19T21:48:05.430+05:30,""
467,1982,1,30,South African Grand Prix,2023-08-19T21:48:05.430+05:30,""
468,1982,2,36,Brazilian Grand Prix,2023-08-19T21:48:05.430+05:30,""
469,1982,3,43,United States Grand Prix West,2023-08-19T21:48:05.430+05:30,""
470,1982,4,21,San Marino Grand Prix,2023-08-19T21:48:05.430+05:30,""
471,1982,5,40,Belgian Grand Prix,2023-08-19T21:48:05.430+05:30,""
472,1982,6,6,Monaco Grand Prix,2023-08-19T21:48:05.430+05:30,""
473,1982,7,37,Detroit Grand Prix,2023-08-19T21:48:05.430+05:30,""
474,1982,8,7,Canadian Grand Prix,2023-08-19T21:48:05.430+05:30,""
475,1982,9,39,Dutch Grand Prix,2023-08-19T21:48:05.430+05:30,""
476,1982,10,38,British Grand Prix,2023-08-19T21:48:05.430+05:30,""
477,1982,11,34,French Grand Prix,2023-08-19T21:48:05.430+05:30,""
478,1982,12,10,German Grand Prix,2023-08-19T21:48:05.430+05:30,""
479,1982,13,23,Austrian Grand Prix,2023-08-19T21:48:05.430+05:30,""
480,1982,14,41,Swiss Grand Prix,2023-08-19T21:48:05.430+05:30,""
481,1982,15,14,Italian Grand Prix,2023-08-19T21:48:05.430+05:30,""
482,1982,16,44,Caesars Palace Grand Prix,2023-08-19T21:48:05.430+05:30,""
483,1981,1,43,United States Grand Prix West,2023-08-19T21:48:05.430+05:30,""
484,1981,2,36,Brazilian Grand Prix,2023-08-19T21:48:05.430+05:30,""
485,1981,3,25,Argentine Grand Prix,2023-08-19T21:48:05.430+05:30,""
486,1981,4,21,San Marino Grand Prix,2023-08-19T21:48:05.430+05:30,""
487,1981,5,40,Belgian Grand Prix,2023-08-19T21:48:05.430+05:30,""
488,1981,6,6,Monaco Grand Prix,2023-08-19T21:48:05.430+05:30,""
489,1981,7,45,Spanish Grand Prix,2023-08-19T21:48:05.430+05:30,""
490,1981,8,41,French Grand Prix,2023-08-19T21:48:05.430+05:30,""
491,1981,9,9,British Grand Prix,2023-08-19T21:48:05.430+05:30,""
492,1981,10,10,German Grand Prix,2023-08-19T21:48:05.430+05:30,""
493,1981,11,23,Austrian Grand Prix,2023-08-19T21:48:05.430+05:30,""
494,1981,12,39,Dutch Grand Prix,2023-08-19T21:48:05.430+05:30,""
495,1981,13,14,Italian Grand Prix,2023-08-19T21:48:05.430+05:30,""
496,1981,14,7,Canadian Grand Prix,2023-08-19T21:48:05.430+05:30,""
497,1981,15,44,Caesars Palace Grand Prix,2023-08-19T21:48:05.430+05:30,""
498,1980,1,25,Argentine Grand Prix,2023-08-19T21:48:05.430+05:30,""
499,1980,2,18,Brazilian Grand Prix,2023-08-19T21:48:05.430+05:30,""
500,1980,3,30,South African Grand Prix,2023-08-19T21:48:05.430+05:30,""
501,1980,4,43,United States Grand Prix West,2023-08-19T21:48:05.430+05:30,""
502,1980,5,40,Belgian Grand Prix,2023-08-19T21:48:05.430+05:30,""
503,1980,6,6,Monaco Grand Prix,2023-08-19T21:48:05.430+05:30,""
504,1980,7,34,French Grand Prix,2023-08-19T21:48:05.430+05:30,""
505,1980,8,38,British Grand Prix,2023-08-19T21:48:05.430+05:30,""
506,1980,9,10,German Grand Prix,2023-08-19T21:48:05.430+05:30,""
507,1980,10,23,Austrian Grand Prix,2023-08-19T21:48:05.430+05:30,""
508,1980,11,39,Dutch Grand Prix,2023-08-19T21:48:05.430+05:30,""
509,1980,12,21,Italian Grand Prix,2023-08-19T21:48:05.430+05:30,""
510,1980,13,7,Canadian Grand Prix,2023-08-19T21:48:05.430+05:30,""
511,1980,14,46,United States Grand Prix,2023-08-19T21:48:05.430+05:30,""
512,1979,1,25,Argentine Grand Prix,2023-08-19T21:48:05.430+05:30,""
513,1979,2,18,Brazilian Grand Prix,2023-08-19T21:48:05.430+05:30,""
514,1979,3,30,South African Grand Prix,2023-08-19T21:48:05.430+05:30,""
515,1979,4,43,United States Grand Prix West,2023-08-19T21:48:05.430+05:30,""
516,1979,5,45,Spanish Grand Prix,2023-08-19T21:48:05.430+05:30,""
517,1979,6,40,Belgian Grand Prix,2023-08-19T21:48:05.430+05:30,""
518,1979,7,6,Monaco Grand Prix,2023-08-19T21:48:05.430+05:30,""
519,1979,8,41,French Grand Prix,2023-08-19T21:48:05.430+05:30,""
520,1979,9,9,British Grand Prix,2023-08-19T21:48:05.430+05:30,""
521,1979,10,10,German Grand Prix,2023-08-19T21:48:05.430+05:30,""
522,1979,11,23,Austrian Grand Prix,2023-08-19T21:48:05.430+05:30,""
523,1979,12,39,Dutch Grand Prix,2023-08-19T21:48:05.430+05:30,""
524,1979,13,14,Italian Grand Prix,2023-08-19T21:48:05.430+05:30,""
525,1979,14,7,Canadian Grand Prix,2023-08-19T21:48:05.430+05:30,""
526,1979,15,46,United States Grand Prix,2023-08-19T21:48:05.430+05:30,""
527,1978,1,25,Argentine Grand Prix,2023-08-19T21:48:05.430+05:30,""
528,1978,2,36,Brazilian Grand Prix,2023-08-19T21:48:05.430+05:30,""
529,1978,3,30,South African Grand Prix,2023-08-19T21:48:05.430+05:30,""
530,1978,4,43,United States Grand Prix West,2023-08-19T21:48:05.430+05:30,""
531,1978,5,6,Monaco Grand Prix,2023-08-19T21:48:05.430+05:30,""
532,1978,6,40,Belgian Grand Prix,2023-08-19T21:48:05.430+05:30,""
533,1978,7,45,Spanish Grand Prix,2023-08-19T21:48:05.430+05:30,""
534,1978,8,47,Swedish Grand Prix,2023-08-19T21:48:05.430+05:30,""
535,1978,9,34,French Grand Prix,2023-08-19T21:48:05.430+05:30,""
536,1978,10,38,British Grand Prix,2023-08-19T21:48:05.430+05:30,""
537,1978,11,10,German Grand Prix,2023-08-19T21:48:05.430+05:30,""
538,1978,12,23,Austrian Grand Prix,2023-08-19T21:48:05.430+05:30,""
539,1978,13,39,Dutch Grand Prix,2023-08-19T21:48:05.430+05:30,""
540,1978,14,14,Italian Grand Prix,2023-08-19T21:48:05.430+05:30,""
541,1978,15,46,United States Grand Prix,2023-08-19T21:48:05.430+05:30,""
542,1978,16,7,Canadian Grand Prix,2023-08-19T21:48:05.430+05:30,""
543,1977,1,25,Argentine Grand Prix,2023-08-19T21:48:05.430+05:30,""
544,1977,2,18,Brazilian Grand Prix,2023-08-19T21:48:05.430+05:30,""
545,1977,3,30,South African Grand Prix,2023-08-19T21:48:05.430+05:30,""
546,1977,4,43,United States Grand Prix West,2023-08-19T21:48:05.430+05:30,""
547,1977,5,45,Spanish Grand Prix,2023-08-19T21:48:05.430+05:30,""
548,1977,6,6,Monaco Grand Prix,2023-08-19T21:48:05.430+05:30,""
549,1977,7,40,Belgian Grand Prix,2023-08-19T21:48:05.430+05:30,""
550,1977,8,47,Swedish Grand Prix,2023-08-19T21:48:05.430+05:30,""
551,1977,9,41,French Grand Prix,2023-08-19T21:48:05.430+05:30,""
552,1977,10,9,British Grand Prix,2023-08-19T21:48:05.430+05:30,""
553,1977,11,10,German Grand Prix,2023-08-19T21:48:05.430+05:30,""
554,1977,12,23,Austrian Grand Prix,2023-08-19T21:48:05.430+05:30,""
555,1977,13,39,Dutch Grand Prix,2023-08-19T21:48:05.430+05:30,""
556,1977,14,14,Italian Grand Prix,2023-08-19T21:48:05.430+05:30,""
557,1977,15,46,United States Grand Prix,2023-08-19T21:48:05.430+05:30,""
558,1977,16,48,Canadian Grand Prix,2023-08-19T21:48:05.430+05:30,""
559,1977,17,16,Japanese Grand Prix,2023-08-19T21:48:05.430+05:30,""
560,1976,1,18,Brazilian Grand Prix,2023-08-19T21:48:05.430+05:30,""
561,1976,2,30,South African Grand Prix,2023-08-19T21:48:05.430+05:30,""
562,1976,3,43,United States Grand Prix West,2023-08-19T21:48:05.430+05:30,""
563,1976,4,45,Spanish Grand Prix,2023-08-19T21:48:05.430+05:30,""
564,1976,5,40,Belgian Grand Prix,2023-08-19T21:48:05.430+05:30,""
565,1976,6,6,Monaco Grand Prix,2023-08-19T21:48:05.430+05:30,""
566,1976,7,47,Swedish Grand Prix,2023-08-19T21:48:05.430+05:30,""
567,1976,8,34,French Grand Prix,2023-08-19T21:48:05.430+05:30,""
568,1976,9,38,British Grand Prix,2023-08-19T21:48:05.430+05:30,""
569,1976,10,20,German Grand Prix,2023-08-19T21:48:05.430+05:30,""
570,1976,11,23,Austrian Grand Prix,2023-08-19T21:48:05.430+05:30,""
571,1976,12,39,Dutch Grand Prix,2023-08-19T21:48:05.430+05:30,""
572,1976,13,14,Italian Grand Prix,2023-08-19T21:48:05.430+05:30,""
573,1976,14,48,Canadian Grand Prix,2023-08-19T21:48:05.430+05:30,""
574,1976,15,46,United States Grand Prix,2023-08-19T21:48:05.430+05:30,""
575,1976,16,16,Japanese Grand Prix,2023-08-19T21:48:05.430+05:30,""
576,1975,1,25,Argentine Grand Prix,2023-08-19T21:48:05.430+05:30,""
577,1975,2,18,Brazilian Grand Prix,2023-08-19T21:48:05.430+05:30,""
578,1975,3,30,South African Grand Prix,2023-08-19T21:48:05.430+05:30,""
579,1975,4,49,Spanish Grand Prix,2023-08-19T21:48:05.430+05:30,""
580,1975,5,6,Monaco Grand Prix,2023-08-19T21:48:05.430+05:30,""
581,1975,6,40,Belgian Grand Prix,2023-08-19T21:48:05.430+05:30,""
582,1975,7,47,Swedish Grand Prix,2023-08-19T21:48:05.430+05:30,""
583,1975,8,39,Dutch Grand Prix,2023-08-19T21:48:05.430+05:30,""
584,1975,9,34,French Grand Prix,2023-08-19T21:48:05.430+05:30,""
585,1975,10,9,British Grand Prix,2023-08-19T21:48:05.430+05:30,""
586,1975,11,20,German Grand Prix,2023-08-19T21:48:05.430+05:30,""
587,1975,12,23,Austrian Grand Prix,2023-08-19T21:48:05.430+05:30,""
588,1975,13,14,Italian Grand Prix,2023-08-19T21:48:05.430+05:30,""
589,1975,14,46,United States Grand Prix,2023-08-19T21:48:05.430+05:30,""
590,1974,1,25,Argentine Grand Prix,2023-08-19T21:48:05.430+05:30,""
591,1974,2,18,Brazilian Grand Prix,2023-08-19T21:48:05.430+05:30,""
592,1974,3,30,South African Grand Prix,2023-08-19T21:48:05.430+05:30,""
593,1974,4,45,Spanish Grand Prix,2023-08-19T21:48:05.430+05:30,""
594,1974,5,50,Belgian Grand Prix,2023-08-19T21:48:05.430+05:30,""
595,1974,6,6,Monaco Grand Prix,2023-08-19T21:48:05.430+05:30,""
596,1974,7,47,Swedish Grand Prix,2023-08-19T21:48:05.430+05:30,""
597,1974,8,39,Dutch Grand Prix,2023-08-19T21:48:05.430+05:30,""
598,1974,9,41,French Grand Prix,2023-08-19T21:48:05.430+05:30,""
599,1974,10,38,British Grand Prix,2023-08-19T21:48:05.430+05:30,""
600,1974,11,20,German Grand Prix,2023-08-19T21:48:05.430+05:30,""
601,1974,12,23,Austrian Grand Prix,2023-08-19T21:48:05.430+05:30,""
602,1974,13,14,Italian Grand Prix,2023-08-19T21:48:05.430+05:30,""
603,1974,14,48,Canadian Grand Prix,2023-08-19T21:48:05.430+05:30,""
604,1974,15,46,United States Grand Prix,2023-08-19T21:48:05.430+05:30,""
605,1973,1,25,Argentine Grand Prix,2023-08-19T21:48:05.430+05:30,""
606,1973,2,18,Brazilian Grand Prix,2023-08-19T21:48:05.430+05:30,""
607,1973,3,30,South African Grand Prix,2023-08-19T21:48:05.430+05:30,""
608,1973,4,49,Spanish Grand Prix,2023-08-19T21:48:05.430+05:30,""
609,1973,5,40,Belgian Grand Prix,2023-08-19T21:48:05.430+05:30,""
610,1973,6,6,Monaco Grand Prix,2023-08-19T21:48:05.430+05:30,""
611,1973,7,47,Swedish Grand Prix,2023-08-19T21:48:05.430+05:30,""
612,1973,8,34,French Grand Prix,2023-08-19T21:48:05.430+05:30,""
613,1973,9,9,British Grand Prix,2023-08-19T21:48:05.430+05:30,""
614,1973,10,39,Dutch Grand Prix,2023-08-19T21:48:05.430+05:30,""
615,1973,11,20,German Grand Prix,2023-08-19T21:48:05.430+05:30,""
616,1973,12,23,Austrian Grand Prix,2023-08-19T21:48:05.430+05:30,""
617,1973,13,14,Italian Grand Prix,2023-08-19T21:48:05.430+05:30,""
618,1973,14,48,Canadian Grand Prix,2023-08-19T21:48:05.430+05:30,""
619,1973,15,46,United States Grand Prix,2023-08-19T21:48:05.430+05:30,""
620,1972,1,25,Argentine Grand Prix,2023-08-19T21:48:05.430+05:30,""
621,1972,2,30,South African Grand Prix,2023-08-19T21:48:05.430+05:30,""
622,1972,3,45,Spanish Grand Prix,2023-08-19T21:48:05.430+05:30,""
623,1972,4,6,Monaco Grand Prix,2023-08-19T21:48:05.430+05:30,""
624,1972,5,50,Belgian Grand Prix,2023-08-19T21:48:05.430+05:30,""
625,1972,6,51,French Grand Prix,2023-08-19T21:48:05.430+05:30,""
626,1972,7,38,British Grand Prix,2023-08-19T21:48:05.430+05:30,""
627,1972,8,20,German Grand Prix,2023-08-19T21:48:05.430+05:30,""
628,1972,9,23,Austrian Grand Prix,2023-08-19T21:48:05.430+05:30,""
629,1972,10,14,Italian Grand Prix,2023-08-19T21:48:05.430+05:30,""
630,1972,11,48,Canadian Grand Prix,2023-08-19T21:48:05.430+05:30,""
631,1972,12,46,United States Grand Prix,2023-08-19T21:48:05.430+05:30,""
632,1971,1,30,South African Grand Prix,2023-08-19T21:48:05.430+05:30,""
633,1971,2,49,Spanish Grand Prix,2023-08-19T21:48:05.430+05:30,""
634,1971,3,6,Monaco Grand Prix,2023-08-19T21:48:05.430+05:30,""
635,1971,4,39,Dutch Grand Prix,2023-08-19T21:48:05.430+05:30,""
636,1971,5,34,French Grand Prix,2023-08-19T21:48:05.430+05:30,""
637,1971,6,9,British Grand Prix,2023-08-19T21:48:05.430+05:30,""
638,1971,7,20,German Grand Prix,2023-08-19T21:48:05.430+05:30,""
639,1971,8,23,Austrian Grand Prix,2023-08-19T21:48:05.430+05:30,""
640,1971,9,14,Italian Grand Prix,2023-08-19T21:48:05.430+05:30,""
641,1971,10,48,Canadian Grand Prix,2023-08-19T21:48:05.430+05:30,""
642,1971,11,46,United States Grand Prix,2023-08-19T21:48:05.430+05:30,""
643,1970,1,30,South African Grand Prix,2023-08-19T21:48:05.430+05:30,""
644,1970,2,45,Spanish Grand Prix,2023-08-19T21:48:05.430+05:30,""
645,1970,3,6,Monaco Grand Prix,2023-08-19T21:48:05.430+05:30,""
646,1970,4,13,Belgian Grand Prix,2023-08-19T21:48:05.430+05:30,""
647,1970,5,39,Dutch Grand Prix,2023-08-19T21:48:05.430+05:30,""
648,1970,6,51,French Grand Prix,2023-08-19T21:48:05.430+05:30,""
649,1970,7,38,British Grand Prix,2023-08-19T21:48:05.430+05:30,""
650,1970,8,10,German Grand Prix,2023-08-19T21:48:05.430+05:30,""
651,1970,9,23,Austrian Grand Prix,2023-08-19T21:48:05.430+05:30,""
652,1970,10,14,Italian Grand Prix,2023-08-19T21:48:05.430+05:30,""
653,1970,11,52,Canadian Grand Prix,2023-08-19T21:48:05.430+05:30,""
654,1970,12,46,United States Grand Prix,2023-08-19T21:48:05.430+05:30,""
655,1970,13,32,Mexican Grand Prix,2023-08-19T21:48:05.430+05:30,""
656,1969,1,30,South African Grand Prix,2023-08-19T21:48:05.430+05:30,""
657,1969,2,49,Spanish Grand Prix,2023-08-19T21:48:05.430+05:30,""
658,1969,3,6,Monaco Grand Prix,2023-08-19T21:48:05.430+05:30,""
659,1969,4,39,Dutch Grand Prix,2023-08-19T21:48:05.430+05:30,""
660,1969,5,51,French Grand Prix,2023-08-19T21:48:05.430+05:30,""
661,1969,6,9,British Grand Prix,2023-08-19T21:48:05.430+05:30,""
662,1969,7,20,German Grand Prix,2023-08-19T21:48:05.430+05:30,""
663,1969,8,14,Italian Grand Prix,2023-08-19T21:48:05.430+05:30,""
664,1969,9,48,Canadian Grand Prix,2023-08-19T21:48:05.430+05:30,""
665,1969,10,46,United States Grand Prix,2023-08-19T21:48:05.430+05:30,""
666,1969,11,32,Mexican Grand Prix,2023-08-19T21:48:05.430+05:30,""
667,1968,1,30,South African Grand Prix,2023-08-19T21:48:05.430+05:30,""
668,1968,2,45,Spanish Grand Prix,2023-08-19T21:48:05.430+05:30,""
669,1968,3,6,Monaco Grand Prix,2023-08-19T21:48:05.430+05:30,""
670,1968,4,13,Belgian Grand Prix,2023-08-19T21:48:05.430+05:30,""
671,1968,5,39,Dutch Grand Prix,2023-08-19T21:48:05.430+05:30,""
672,1968,6,53,French Grand Prix,2023-08-19T21:48:05.430+05:30,""
673,1968,7,38,British Grand Prix,2023-08-19T21:48:05.430+05:30,""
674,1968,8,20,German Grand Prix,2023-08-19T21:48:05.430+05:30,""
675,1968,9,14,Italian Grand Prix,2023-08-19T21:48:05.430+05:30,""
676,1968,10,52,Canadian Grand Prix,2023-08-19T21:48:05.430+05:30,""
677,1968,11,46,United States Grand Prix,2023-08-19T21:48:05.430+05:30,""
678,1968,12,32,Mexican Grand Prix,2023-08-19T21:48:05.430+05:30,""
679,1967,1,30,South African Grand Prix,2023-08-19T21:48:05.430+05:30,""
680,1967,2,6,Monaco Grand Prix,2023-08-19T21:48:05.430+05:30,""
681,1967,3,39,Dutch Grand Prix,2023-08-19T21:48:05.430+05:30,""
682,1967,4,13,Belgian Grand Prix,2023-08-19T21:48:05.430+05:30,""
683,1967,5,54,French Grand Prix,2023-08-19T21:48:05.430+05:30,""
684,1967,6,9,British Grand Prix,2023-08-19T21:48:05.430+05:30,""
685,1967,7,20,German Grand Prix,2023-08-19T21:48:05.430+05:30,""
686,1967,8,48,Canadian Grand Prix,2023-08-19T21:48:05.430+05:30,""
687,1967,9,14,Italian Grand Prix,2023-08-19T21:48:05.430+05:30,""
688,1967,10,46,United States Grand Prix,2023-08-19T21:48:05.430+05:30,""
689,1967,11,32,Mexican Grand Prix,2023-08-19T21:48:05.430+05:30,""
690,1966,1,6,Monaco Grand Prix,2023-08-19T21:48:05.430+05:30,""
691,1966,2,13,Belgian Grand Prix,2023-08-19T21:48:05.430+05:30,""
692,1966,3,55,French Grand Prix,2023-08-19T21:48:05.430+05:30,""
693,1966,4,38,British Grand Prix,2023-08-19T21:48:05.430+05:30,""
694,1966,5,39,Dutch Grand Prix,2023-08-19T21:48:05.430+05:30,""
695,1966,6,20,German Grand Prix,2023-08-19T21:48:05.430+05:30,""
696,1966,7,14,Italian Grand Prix,2023-08-19T21:48:05.430+05:30,""
697,1966,8,46,United States Grand Prix,2023-08-19T21:48:05.430+05:30,""
698,1966,9,32,Mexican Grand Prix,2023-08-19T21:48:05.430+05:30,""
699,1965,1,56,South African Grand Prix,2023-08-19T21:48:05.430+05:30,""
700,1965,2,6,Monaco Grand Prix,2023-08-19T21:48:05.430+05:30,""
701,1965,3,13,Belgian Grand Prix,2023-08-19T21:48:05.430+05:30,""
702,1965,4,51,French Grand Prix,2023-08-19T21:48:05.430+05:30,""
703,1965,5,9,British Grand Prix,2023-08-19T21:48:05.430+05:30,""
704,1965,6,39,Dutch Grand Prix,2023-08-19T21:48:05.430+05:30,""
705,1965,7,20,German Grand Prix,2023-08-19T21:48:05.430+05:30,""
706,1965,8,14,Italian Grand Prix,2023-08-19T21:48:05.430+05:30,""
707,1965,9,46,United States Grand Prix,2023-08-19T21:48:05.430+05:30,""
708,1965,10,32,Mexican Grand Prix,2023-08-19T21:48:05.430+05:30,""
709,1964,1,6,Monaco Grand Prix,2023-08-19T21:48:05.430+05:30,""
710,1964,2,39,Dutch Grand Prix,2023-08-19T21:48:05.430+05:30,""
711,1964,3,13,Belgian Grand Prix,2023-08-19T21:48:05.430+05:30,""
712,1964,4,53,French Grand Prix,2023-08-19T21:48:05.430+05:30,""
713,1964,5,38,British Grand Prix,2023-08-19T21:48:05.430+05:30,""
714,1964,6,20,German Grand Prix,2023-08-19T21:48:05.430+05:30,""
715,1964,7,57,Austrian Grand Prix,2023-08-19T21:48:05.430+05:30,""
716,1964,8,14,Italian Grand Prix,2023-08-19T21:48:05.430+05:30,""
717,1964,9,46,United States Grand Prix,2023-08-19T21:48:05.430+05:30,""
718,1964,10,32,Mexican Grand Prix,2023-08-19T21:48:05.430+05:30,""
719,1963,1,6,Monaco Grand Prix,2023-08-19T21:48:05.430+05:30,""
720,1963,2,13,Belgian Grand Prix,2023-08-19T21:48:05.430+05:30,""
721,1963,3,39,Dutch Grand Prix,2023-08-19T21:48:05.430+05:30,""
722,1963,4,55,French Grand Prix,2023-08-19T21:48:05.430+05:30,""
723,1963,5,9,British Grand Prix,2023-08-19T21:48:05.430+05:30,""
724,1963,6,20,German Grand Prix,2023-08-19T21:48:05.430+05:30,""
725,1963,7,14,Italian Grand Prix,2023-08-19T21:48:05.430+05:30,""
726,1963,8,46,United States Grand Prix,2023-08-19T21:48:05.430+05:30,""
727,1963,9,32,Mexican Grand Prix,2023-08-19T21:48:05.430+05:30,""
728,1963,10,56,South African Grand Prix,2023-08-19T21:48:05.430+05:30,""
729,1962,1,39,Dutch Grand Prix,2023-08-19T21:48:05.430+05:30,""
730,1962,2,6,Monaco Grand Prix,2023-08-19T21:48:05.430+05:30,""
731,1962,3,13,Belgian Grand Prix,2023-08-19T21:48:05.430+05:30,""
732,1962,4,53,French Grand Prix,2023-08-19T21:48:05.430+05:30,""
733,1962,5,58,British Grand Prix,2023-08-19T21:48:05.430+05:30,""
734,1962,6,20,German Grand Prix,2023-08-19T21:48:05.430+05:30,""
735,1962,7,14,Italian Grand Prix,2023-08-19T21:48:05.430+05:30,""
736,1962,8,46,United States Grand Prix,2023-08-19T21:48:05.430+05:30,""
737,1962,9,56,South African Grand Prix,2023-08-19T21:48:05.430+05:30,""
738,1961,1,6,Monaco Grand Prix,2023-08-19T21:48:05.430+05:30,""
739,1961,2,39,Dutch Grand Prix,2023-08-19T21:48:05.430+05:30,""
740,1961,3,13,Belgian Grand Prix,2023-08-19T21:48:05.430+05:30,""
741,1961,4,55,French Grand Prix,2023-08-19T21:48:05.430+05:30,""
742,1961,5,58,British Grand Prix,2023-08-19T21:48:05.430+05:30,""
743,1961,6,20,German Grand Prix,2023-08-19T21:48:05.430+05:30,""
744,1961,7,14,Italian Grand Prix,2023-08-19T21:48:05.430+05:30,""
745,1961,8,46,United States Grand Prix,2023-08-19T21:48:05.430+05:30,""
746,1960,1,25,Argentine Grand Prix,2023-08-19T21:48:05.430+05:30,""
747,1960,2,6,Monaco Grand Prix,2023-08-19T21:48:05.430+05:30,""
748,1960,3,19,Indianapolis 500,2023-08-19T21:48:05.430+05:30,""
749,1960,4,39,Dutch Grand Prix,2023-08-19T21:48:05.430+05:30,""
750,1960,5,13,Belgian Grand Prix,2023-08-19T21:48:05.430+05:30,""
751,1960,6,55,French Grand Prix,2023-08-19T21:48:05.430+05:30,""
752,1960,7,9,British Grand Prix,2023-08-19T21:48:05.430+05:30,""
753,1960,8,59,Portuguese Grand Prix,2023-08-19T21:48:05.430+05:30,""
754,1960,9,14,Italian Grand Prix,2023-08-19T21:48:05.430+05:30,""
755,1960,10,60,United States Grand Prix,2023-08-19T21:48:05.430+05:30,""
756,1959,1,6,Monaco Grand Prix,2023-08-19T21:48:05.430+05:30,""
757,1959,2,19,Indianapolis 500,2023-08-19T21:48:05.430+05:30,""
758,1959,3,39,Dutch Grand Prix,2023-08-19T21:48:05.430+05:30,""
759,1959,4,55,French Grand Prix,2023-08-19T21:48:05.430+05:30,""
760,1959,5,58,British Grand Prix,2023-08-19T21:48:05.430+05:30,""
761,1959,6,61,German Grand Prix,2023-08-19T21:48:05.430+05:30,""
762,1959,7,62,Portuguese Grand Prix,2023-08-19T21:48:05.430+05:30,""
763,1959,8,14,Italian Grand Prix,2023-08-19T21:48:05.430+05:30,""
764,1959,9,63,United States Grand Prix,2023-08-19T21:48:05.430+05:30,""
765,1958,1,25,Argentine Grand Prix,2023-08-19T21:48:05.430+05:30,""
766,1958,2,6,Monaco Grand Prix,2023-08-19T21:48:05.430+05:30,""
767,1958,3,39,Dutch Grand Prix,2023-08-19T21:48:05.430+05:30,""
768,1958,4,19,Indianapolis 500,2023-08-19T21:48:05.430+05:30,""
769,1958,5,13,Belgian Grand Prix,2023-08-19T21:48:05.430+05:30,""
770,1958,6,55,French Grand Prix,2023-08-19T21:48:05.430+05:30,""
771,1958,7,9,British Grand Prix,2023-08-19T21:48:05.430+05:30,""
772,1958,8,20,German Grand Prix,2023-08-19T21:48:05.430+05:30,""
773,1958,9,59,Portuguese Grand Prix,2023-08-19T21:48:05.430+05:30,""
774,1958,10,14,Italian Grand Prix,2023-08-19T21:48:05.430+05:30,""
775,1958,11,64,Moroccan Grand Prix,2023-08-19T21:48:05.430+05:30,""
776,1957,1,25,Argentine Grand Prix,2023-08-19T21:48:05.430+05:30,""
777,1957,2,6,Monaco Grand Prix,2023-08-19T21:48:05.430+05:30,""
778,1957,3,19,Indianapolis 500,2023-08-19T21:48:05.430+05:30,""
779,1957,4,53,French Grand Prix,2023-08-19T21:48:05.430+05:30,""
780,1957,5,58,British Grand Prix,2023-08-19T21:48:05.430+05:30,""
781,1957,6,20,German Grand Prix,2023-08-19T21:48:05.430+05:30,""
782,1957,7,65,Pescara Grand Prix,2023-08-19T21:48:05.430+05:30,""
783,1957,8,14,Italian Grand Prix,2023-08-19T21:48:05.430+05:30,""
784,1956,1,25,Argentine Grand Prix,2023-08-19T21:48:05.430+05:30,""
785,1956,2,6,Monaco Grand Prix,2023-08-19T21:48:05.430+05:30,""
786,1956,3,19,Indianapolis 500,2023-08-19T21:48:05.430+05:30,""
787,1956,4,13,Belgian Grand Prix,2023-08-19T21:48:05.430+05:30,""
788,1956,5,55,French Grand Prix,2023-08-19T21:48:05.430+05:30,""
789,1956,6,9,British Grand Prix,2023-08-19T21:48:05.430+05:30,""
790,1956,7,20,German Grand Prix,2023-08-19T21:48:05.430+05:30,""
791,1956,8,14,Italian Grand Prix,2023-08-19T21:48:05.430+05:30,""
792,1955,1,25,Argentine Grand Prix,2023-08-19T21:48:05.430+05:30,""
793,1955,2,6,Monaco Grand Prix,2023-08-19T21:48:05.430+05:30,""
794,1955,3,19,Indianapolis 500,2023-08-19T21:48:05.430+05:30,""
795,1955,4,13,Belgian Grand Prix,2023-08-19T21:48:05.430+05:30,""
796,1955,5,39,Dutch Grand Prix,2023-08-19T21:48:05.430+05:30,""
797,1955,6,58,British Grand Prix,2023-08-19T21:48:05.430+05:30,""
798,1955,7,14,Italian Grand Prix,2023-08-19T21:48:05.430+05:30,""
799,1954,1,25,Argentine Grand Prix,2023-08-19T21:48:05.430+05:30,""
800,1954,2,19,Indianapolis 500,2023-08-19T21:48:05.430+05:30,""
801,1954,3,13,Belgian Grand Prix,2023-08-19T21:48:05.430+05:30,""
802,1954,4,55,French Grand Prix,2023-08-19T21:48:05.430+05:30,""
803,1954,5,9,British Grand Prix,2023-08-19T21:48:05.430+05:30,""
804,1954,6,20,German Grand Prix,2023-08-19T21:48:05.430+05:30,""
805,1954,7,66,Swiss Grand Prix,2023-08-19T21:48:05.430+05:30,""
806,1954,8,14,Italian Grand Prix,2023-08-19T21:48:05.430+05:30,""
807,1954,9,67,Spanish Grand Prix,2023-08-19T21:48:05.430+05:30,""
808,1953,1,25,Argentine Grand Prix,2023-08-19T21:48:05.430+05:30,""
809,1953,2,19,Indianapolis 500,2023-08-19T21:48:05.430+05:30,""
810,1953,3,39,Dutch Grand Prix,2023-08-19T21:48:05.430+05:30,""
811,1953,4,13,Belgian Grand Prix,2023-08-19T21:48:05.430+05:30,""
812,1953,5,55,French Grand Prix,2023-08-19T21:48:05.430+05:30,""
813,1953,6,9,British Grand Prix,2023-08-19T21:48:05.430+05:30,""
814,1953,7,20,German Grand Prix,2023-08-19T21:48:05.430+05:30,""
815,1953,8,66,Swiss Grand Prix,2023-08-19T21:48:05.430+05:30,""
816,1953,9,14,Italian Grand Prix,2023-08-19T21:48:05.430+05:30,""
817,1952,1,66,Swiss Grand Prix,2023-08-19T21:48:05.430+05:30,""
818,1952,2,19,Indianapolis 500,2023-08-19T21:48:05.430+05:30,""
819,1952,3,13,Belgian Grand Prix,2023-08-19T21:48:05.430+05:30,""
820,1952,4,53,French Grand Prix,2023-08-19T21:48:05.430+05:30,""
821,1952,5,9,British Grand Prix,2023-08-19T21:48:05.430+05:30,""
822,1952,6,20,German Grand Prix,2023-08-19T21:48:05.430+05:30,""
823,1952,7,39,Dutch Grand Prix,2023-08-19T21:48:05.430+05:30,""
824,1952,8,14,Italian Grand Prix,2023-08-19T21:48:05.430+05:30,""
825,1951,1,66,Swiss Grand Prix,2023-08-19T21:48:05.430+05:30,""
826,1951,2,19,Indianapolis 500,2023-08-19T21:48:05.430+05:30,""
827,1951,3,13,Belgian Grand Prix,2023-08-19T21:48:05.430+05:30,""
828,1951,4,55,French Grand Prix,2023-08-19T21:48:05.430+05:30,""
829,1951,5,9,British Grand Prix,2023-08-19T21:48:05.430+05:30,""
830,1951,6,20,German Grand Prix,2023-08-19T21:48:05.430+05:30,""
831,1951,7,14,Italian Grand Prix,2023-08-19T21:48:05.430+05:30,""
832,1951,8,67,Spanish Grand Prix,2023-08-19T21:48:05.430+05:30,""
833,1950,1,9,British Grand Prix,2023-08-19T21:48:05.430+05:30,""
834,1950,2,6,Monaco Grand Prix,2023-08-19T21:48:05.430+05:30,""
835,1950,3,19,Indianapolis 500,2023-08-19T21:48:05.430+05:30,""
836,1950,4,66,Swiss Grand Prix,2023-08-19T21:48:05.430+05:30,""
837,1950,5,13,Belgian Grand Prix,2023-08-19T21:48:05.430+05:30,""
838,1950,6,55,French Grand Prix,2023-08-19T21:48:05.430+05:30,""
839,1950,7,14,Italian Grand Prix,2023-08-19T21:48:05.430+05:30,""
841,2011,1,1,Australian Grand Prix,2023-08-19T21:48:05.430+05:30,2011-03-27T06:00:00.000+05:30
842,2011,2,2,Malaysian Grand Prix,2023-08-19T21:48:05.430+05:30,2011-04-10T08:00:00.000+05:30
843,2011,3,17,Chinese Grand Prix,2023-08-19T21:48:05.430+05:30,2011-04-17T07:00:00.000+05:30
844,2011,4,5,Turkish Grand Prix,2023-08-19T21:48:05.430+05:30,2011-05-08T12:00:00.000+05:30
845,2011,5,4,Spanish Grand Prix,2023-08-19T21:48:05.430+05:30,2011-05-22T12:00:00.000+05:30
846,2011,6,6,Monaco Grand Prix,2023-08-19T21:48:05.430+05:30,2011-05-29T12:00:00.000+05:30
847,2011,7,7,Canadian Grand Prix,2023-08-19T21:48:05.430+05:30,2011-06-12T17:00:00.000+05:30
848,2011,8,12,European Grand Prix,2023-08-19T21:48:05.430+05:30,2011-06-26T12:00:00.000+05:30
849,2011,9,9,British Grand Prix,2023-08-19T21:48:05.430+05:30,2011-07-10T12:00:00.000+05:30
850,2011,10,20,German Grand Prix,2023-08-19T21:48:05.430+05:30,2011-07-24T12:00:00.000+05:30
851,2011,11,11,Hungarian Grand Prix,2023-08-19T21:48:05.430+05:30,2011-07-31T12:00:00.000+05:30
852,2011,12,13,Belgian Grand Prix,2023-08-19T21:48:05.430+05:30,2011-08-28T12:00:00.000+05:30
853,2011,13,14,Italian Grand Prix,2023-08-19T21:48:05.430+05:30,2011-09-11T12:00:00.000+05:30
854,2011,14,15,Singapore Grand Prix,2023-08-19T21:48:05.430+05:30,2011-09-25T12:00:00.000+05:30
855,2011,15,22,Japanese Grand Prix,2023-08-19T21:48:05.430+05:30,2011-10-09T06:00:00.000+05:30
856,2011,16,35,Korean Grand Prix,2023-08-19T21:48:05.430+05:30,2011-10-16T06:00:00.000+05:30
857,2011,17,68,Indian Grand Prix,2023-08-19T21:48:05.430+05:30,2011-10-30T09:30:00.000+05:30
858,2011,18,24,Abu Dhabi Grand Prix,2023-08-19T21:48:05.430+05:30,2011-11-13T13:00:00.000+05:30
859,2011,19,18,Brazilian Grand Prix,2023-08-19T21:48:05.430+05:30,2011-11-27T16:00:00.000+05:30
860,2012,1,1,Australian Grand Prix,2023-08-19T21:48:05.430+05:30,2012-03-18T06:00:00.000+05:30
861,2012,2,2,Malaysian Grand Prix,2023-08-19T21:48:05.430+05:30,2012-03-25T08:00:00.000+05:30
862,2012,3,17,Chinese Grand Prix,2023-08-19T21:48:05.430+05:30,2012-04-15T07:00:00.000+05:30
863,2012,4,3,Bahrain Grand Prix,2023-08-19T21:48:05.430+05:30,2012-04-22T12:00:00.000+05:30
864,2012,5,4,Spanish Grand Prix,2023-08-19T21:48:05.430+05:30,2012-05-13T12:00:00.000+05:30
865,2012,6,6,Monaco Grand Prix,2023-08-19T21:48:05.430+05:30,2012-05-27T12:00:00.000+05:30
866,2012,7,7,Canadian Grand Prix,2023-08-19T21:48:05.430+05:30,2012-06-10T18:00:00.000+05:30
867,2012,8,12,European Grand Prix,2023-08-19T21:48:05.430+05:30,2012-06-24T12:00:00.000+05:30
868,2012,9,9,British Grand Prix,2023-08-19T21:48:05.430+05:30,2012-07-08T12:00:00.000+05:30
869,2012,10,10,German Grand Prix,2023-08-19T21:48:05.430+05:30,2012-07-22T12:00:00.000+05:30
870,2012,11,11,Hungarian Grand Prix,2023-08-19T21:48:05.430+05:30,2012-07-29T12:00:00.000+05:30
871,2012,12,13,Belgian Grand Prix,2023-08-19T21:48:05.430+05:30,2012-09-02T12:00:00.000+05:30
872,2012,13,14,Italian Grand Prix,2023-08-19T21:48:05.430+05:30,2012-09-09T12:00:00.000+05:30
873,2012,14,15,Singapore Grand Prix,2023-08-19T21:48:05.430+05:30,2012-09-23T12:00:00.000+05:30
874,2012,15,22,Japanese Grand Prix,2023-08-19T21:48:05.430+05:30,2012-10-07T06:00:00.000+05:30
875,2012,16,35,Korean Grand Prix,2023-08-19T21:48:05.430+05:30,2012-10-14T06:00:00.000+05:30
876,2012,17,68,Indian Grand Prix,2023-08-19T21:48:05.430+05:30,2012-10-28T09:30:00.000+05:30
877,2012,18,24,Abu Dhabi Grand Prix,2023-08-19T21:48:05.430+05:30,2012-11-04T13:00:00.000+05:30
878,2012,19,69,United States Grand Prix,2023-08-19T21:48:05.430+05:30,2012-11-18T19:00:00.000+05:30
879,2012,20,18,Brazilian Grand Prix,2023-08-19T21:48:05.430+05:30,2012-11-25T16:00:00.000+05:30
880,2013,1,1,Australian Grand Prix,2023-08-19T21:48:05.430+05:30,2013-03-17T06:00:00.000+05:30
881,2013,2,2,Malaysian Grand Prix,2023-08-19T21:48:05.430+05:30,2013-03-24T08:00:00.000+05:30
882,2013,3,17,Chinese Grand Prix,2023-08-19T21:48:05.430+05:30,2013-04-14T07:00:00.000+05:30
883,2013,4,3,Bahrain Grand Prix,2023-08-19T21:48:05.430+05:30,2013-04-21T12:00:00.000+05:30
884,2013,5,4,Spanish Grand Prix,2023-08-19T21:48:05.430+05:30,2013-05-12T12:00:00.000+05:30
885,2013,6,6,Monaco Grand Prix,2023-08-19T21:48:05.430+05:30,2013-05-26T12:00:00.000+05:30
886,2013,7,7,Canadian Grand Prix,2023-08-19T21:48:05.430+05:30,2013-06-09T18:00:00.000+05:30
887,2013,8,9,British Grand Prix,2023-08-19T21:48:05.430+05:30,2013-06-30T12:00:00.000+05:30
888,2013,9,20,German Grand Prix,2023-08-19T21:48:05.430+05:30,2013-07-07T12:00:00.000+05:30
890,2013,10,11,Hungarian Grand Prix,2023-08-19T21:48:05.430+05:30,2013-07-28T12:00:00.000+05:30
891,2013,11,13,Belgian Grand Prix,2023-08-19T21:48:05.430+05:30,2013-08-25T12:00:00.000+05:30
892,2013,12,14,Italian Grand Prix,2023-08-19T21:48:05.430+05:30,2013-09-08T12:00:00.000+05:30
893,2013,13,15,Singapore Grand Prix,2023-08-19T21:48:05.430+05:30,2013-09-22T12:00:00.000+05:30
894,2013,14,35,Korean Grand Prix,2023-08-19T21:48:05.430+05:30,2013-10-06T06:00:00.000+05:30
895,2013,15,22,Japanese Grand Prix,2023-08-19T21:48:05.430+05:30,2013-10-13T06:00:00.000+05:30
896,2013,16,68,Indian Grand Prix,2023-08-19T21:48:05.430+05:30,2013-10-27T09:30:00.000+05:30
897,2013,17,24,Abu Dhabi Grand Prix,2023-08-19T21:48:05.430+05:30,2013-11-03T13:00:00.000+05:30
898,2013,18,69,United States Grand Prix,2023-08-19T21:48:05.430+05:30,2013-11-17T19:00:00.000+05:30
899,2013,19,18,Brazilian Grand Prix,2023-08-19T21:48:05.430+05:30,2013-11-24T16:00:00.000+05:30
900,2014,1,1,Australian Grand Prix,2023-08-19T21:48:05.430+05:30,2014-03-16T06:00:00.000+05:30
901,2014,2,2,Malaysian Grand Prix,2023-08-19T21:48:05.430+05:30,2014-03-30T08:00:00.000+05:30
902,2014,3,3,Bahrain Grand Prix,2023-08-19T21:48:05.430+05:30,2014-04-06T15:00:00.000+05:30
903,2014,4,17,Chinese Grand Prix,2023-08-19T21:48:05.430+05:30,2014-04-20T07:00:00.000+05:30
904,2014,5,4,Spanish Grand Prix,2023-08-19T21:48:05.430+05:30,2014-05-11T12:00:00.000+05:30
905,2014,6,6,Monaco Grand Prix,2023-08-19T21:48:05.430+05:30,2014-05-25T12:00:00.000+05:30
906,2014,7,7,Canadian Grand Prix,2023-08-19T21:48:05.430+05:30,2014-06-08T18:00:00.000+05:30
907,2014,8,70,Austrian Grand Prix,2023-08-19T21:48:05.430+05:30,2014-06-22T12:00:00.000+05:30
908,2014,9,9,British Grand Prix,2023-08-19T21:48:05.430+05:30,2014-07-06T12:00:00.000+05:30
909,2014,10,10,German Grand Prix,2023-08-19T21:48:05.430+05:30,2014-07-20T12:00:00.000+05:30
910,2014,11,11,Hungarian Grand Prix,2023-08-19T21:48:05.430+05:30,2014-07-27T12:00:00.000+05:30
911,2014,12,13,Belgian Grand Prix,2023-08-19T21:48:05.430+05:30,2014-08-24T12:00:00.000+05:30
912,2014,13,14,Italian Grand Prix,2023-08-19T21:48:05.430+05:30,2014-09-07T12:00:00.000+05:30
913,2014,14,15,Singapore Grand Prix,2023-08-19T21:48:05.430+05:30,2014-09-21T12:00:00.000+05:30
914,2014,15,22,Japanese Grand Prix,2023-08-19T21:48:05.430+05:30,2014-10-05T06:00:00.000+05:30
915,2014,16,71,Russian Grand Prix,2023-08-19T21:48:05.430+05:30,2014-10-12T11:00:00.000+05:30
916,2014,17,69,United States Grand Prix,2023-08-19T21:48:05.430+05:30,2014-11-02T20:00:00.000+05:30
917,2014,18,18,Brazilian Grand Prix,2023-08-19T21:48:05.430+05:30,2014-11-09T16:00:00.000+05:30
918,2014,19,24,Abu Dhabi Grand Prix,2023-08-19T21:48:05.430+05:30,2014-11-23T13:00:00.000+05:30
931,2015,6,6,Monaco Grand Prix,2023-08-19T21:48:05.430+05:30,2015-05-24T12:00:00.000+05:30
932,2015,7,7,Canadian Grand Prix,2023-08-19T21:48:05.430+05:30,2015-06-07T18:00:00.000+05:30
929,2015,4,3,Bahrain Grand Prix,2023-08-19T21:48:05.430+05:30,2015-04-19T15:00:00.000+05:30
930,2015,5,4,Spanish Grand Prix,2023-08-19T21:48:05.430+05:30,2015-05-10T12:00:00.000+05:30
928,2015,3,17,Chinese Grand Prix,2023-08-19T21:48:05.430+05:30,2015-04-12T06:00:00.000+05:30
926,2015,1,1,Australian Grand Prix,2023-08-19T21:48:05.430+05:30,2015-03-15T05:00:00.000+05:30
927,2015,2,2,Malaysian Grand Prix,2023-08-19T21:48:05.430+05:30,2015-03-29T07:00:00.000+05:30
933,2015,8,70,Austrian Grand Prix,2023-08-19T21:48:05.430+05:30,2015-06-21T12:00:00.000+05:30
934,2015,9,9,British Grand Prix,2023-08-19T21:48:05.430+05:30,2015-07-05T12:00:00.000+05:30
936,2015,10,11,Hungarian Grand Prix,2023-08-19T21:48:05.430+05:30,2015-07-26T12:00:00.000+05:30
937,2015,11,13,Belgian Grand Prix,2023-08-19T21:48:05.430+05:30,2015-08-23T12:00:00.000+05:30
938,2015,12,14,Italian Grand Prix,2023-08-19T21:48:05.430+05:30,2015-09-06T12:00:00.000+05:30
939,2015,13,15,Singapore Grand Prix,2023-08-19T21:48:05.430+05:30,2015-09-20T12:00:00.000+05:30
940,2015,14,22,Japanese Grand Prix,2023-08-19T21:48:05.430+05:30,2015-09-27T05:00:00.000+05:30
941,2015,15,71,Russian Grand Prix,2023-08-19T21:48:05.430+05:30,2015-10-11T11:00:00.000+05:30
942,2015,16,69,United States Grand Prix,2023-08-19T21:48:05.430+05:30,2015-10-25T19:00:00.000+05:30
943,2015,17,32,Mexican Grand Prix,2023-08-19T21:48:05.430+05:30,2015-11-01T19:00:00.000+05:30
944,2015,18,18,Brazilian Grand Prix,2023-08-19T21:48:05.430+05:30,2015-11-15T16:00:00.000+05:30
945,2015,19,24,Abu Dhabi Grand Prix,2023-08-19T21:48:05.430+05:30,2015-11-29T13:00:00.000+05:30
948,2016,1,1,Australian Grand Prix,2023-08-19T21:48:05.430+05:30,2016-03-20T05:00:00.000+05:30
949,2016,2,3,Bahrain Grand Prix,2023-08-19T21:48:05.430+05:30,2016-04-03T15:00:00.000+05:30
950,2016,3,17,Chinese Grand Prix,2023-08-19T21:48:05.430+05:30,2016-04-17T06:00:00.000+05:30
951,2016,4,71,Russian Grand Prix,2023-08-19T21:48:05.430+05:30,2016-05-01T12:00:00.000+05:30
952,2016,5,4,Spanish Grand Prix,2023-08-19T21:48:05.430+05:30,2016-05-15T12:00:00.000+05:30
953,2016,6,6,Monaco Grand Prix,2023-08-19T21:48:05.430+05:30,2016-05-29T12:00:00.000+05:30
954,2016,7,7,Canadian Grand Prix,2023-08-19T21:48:05.430+05:30,2016-06-12T18:00:00.000+05:30
955,2016,8,73,European Grand Prix,2023-08-19T21:48:05.430+05:30,2016-06-19T13:00:00.000+05:30
956,2016,9,70,Austrian Grand Prix,2023-08-19T21:48:05.430+05:30,2016-07-03T12:00:00.000+05:30
957,2016,10,9,British Grand Prix,2023-08-19T21:48:05.430+05:30,2016-07-10T12:00:00.000+05:30
958,2016,11,11,Hungarian Grand Prix,2023-08-19T21:48:05.430+05:30,2016-07-24T12:00:00.000+05:30
959,2016,12,10,German Grand Prix,2023-08-19T21:48:05.430+05:30,2016-07-31T12:00:00.000+05:30
960,2016,13,13,Belgian Grand Prix,2023-08-19T21:48:05.430+05:30,2016-08-28T12:00:00.000+05:30
961,2016,14,14,Italian Grand Prix,2023-08-19T21:48:05.430+05:30,2016-09-04T12:00:00.000+05:30
962,2016,15,15,Singapore Grand Prix,2023-08-19T21:48:05.430+05:30,2016-09-18T12:00:00.000+05:30
963,2016,16,2,Malaysian Grand Prix,2023-08-19T21:48:05.430+05:30,2016-10-02T07:00:00.000+05:30
964,2016,17,22,Japanese Grand Prix,2023-08-19T21:48:05.430+05:30,2016-10-09T05:00:00.000+05:30
965,2016,18,69,United States Grand Prix,2023-08-19T21:48:05.430+05:30,2016-10-23T19:00:00.000+05:30
966,2016,19,32,Mexican Grand Prix,2023-08-19T21:48:05.430+05:30,2016-10-30T19:00:00.000+05:30
967,2016,20,18,Brazilian Grand Prix,2023-08-19T21:48:05.430+05:30,2016-11-13T16:00:00.000+05:30
968,2016,21,24,Abu Dhabi Grand Prix,2023-08-19T21:48:05.430+05:30,2016-11-27T13:00:00.000+05:30
969,2017,1,1,Australian Grand Prix,2023-08-19T21:48:05.430+05:30,2017-03-26T05:00:00.000+05:30
970,2017,2,17,Chinese Grand Prix,2023-08-19T21:48:05.430+05:30,2017-04-09T06:00:00.000+05:30
971,2017,3,3,Bahrain Grand Prix,2023-08-19T21:48:05.430+05:30,2017-04-16T15:00:00.000+05:30
972,2017,4,71,Russian Grand Prix,2023-08-19T21:48:05.430+05:30,2017-04-30T12:00:00.000+05:30
973,2017,5,4,Spanish Grand Prix,2023-08-19T21:48:05.430+05:30,2017-05-14T12:00:00.000+05:30
974,2017,6,6,Monaco Grand Prix,2023-08-19T21:48:05.430+05:30,2017-05-28T12:00:00.000+05:30
975,2017,7,7,Canadian Grand Prix,2023-08-19T21:48:05.430+05:30,2017-06-11T18:00:00.000+05:30
976,2017,8,73,Azerbaijan Grand Prix,2023-08-19T21:48:05.430+05:30,2017-06-25T13:00:00.000+05:30
977,2017,9,70,Austrian Grand Prix,2023-08-19T21:48:05.430+05:30,2017-07-09T12:00:00.000+05:30
978,2017,10,9,British Grand Prix,2023-08-19T21:48:05.430+05:30,2017-07-16T12:00:00.000+05:30
979,2017,11,11,Hungarian Grand Prix,2023-08-19T21:48:05.430+05:30,2017-07-30T12:00:00.000+05:30
980,2017,12,13,Belgian Grand Prix,2023-08-19T21:48:05.430+05:30,2017-08-27T12:00:00.000+05:30
981,2017,13,14,Italian Grand Prix,2023-08-19T21:48:05.430+05:30,2017-09-03T12:00:00.000+05:30
982,2017,14,15,Singapore Grand Prix,2023-08-19T21:48:05.430+05:30,2017-09-17T12:00:00.000+05:30
983,2017,15,2,Malaysian Grand Prix,2023-08-19T21:48:05.430+05:30,2017-10-01T07:00:00.000+05:30
984,2017,16,22,Japanese Grand Prix,2023-08-19T21:48:05.430+05:30,2017-10-08T05:00:00.000+05:30
985,2017,17,69,United States Grand Prix,2023-08-19T21:48:05.430+05:30,2017-10-22T19:00:00.000+05:30
986,2017,18,32,Mexican Grand Prix,2023-08-19T21:48:05.430+05:30,2017-10-29T19:00:00.000+05:30
987,2017,19,18,Brazilian Grand Prix,2023-08-19T21:48:05.430+05:30,2017-11-12T16:00:00.000+05:30
988,2017,20,24,Abu Dhabi Grand Prix,2023-08-19T21:48:05.430+05:30,2017-11-26T13:00:00.000+05:30
989,2018,1,1,Australian Grand Prix,2023-08-19T21:48:05.430+05:30,2018-03-25T05:10:00.000+05:30
990,2018,2,3,Bahrain Grand Prix,2023-08-19T21:48:05.430+05:30,2018-04-08T15:10:00.000+05:30
991,2018,3,17,Chinese Grand Prix,2023-08-19T21:48:05.430+05:30,2018-04-15T06:10:00.000+05:30
992,2018,4,73,Azerbaijan Grand Prix,2023-08-19T21:48:05.430+05:30,2018-04-29T12:10:00.000+05:30
993,2018,5,4,Spanish Grand Prix,2023-08-19T21:48:05.430+05:30,2018-05-13T13:10:00.000+05:30
994,2018,6,6,Monaco Grand Prix,2023-08-19T21:48:05.430+05:30,2018-05-27T13:10:00.000+05:30
995,2018,7,7,Canadian Grand Prix,2023-08-19T21:48:05.430+05:30,2018-06-10T18:10:00.000+05:30
996,2018,8,34,French Grand Prix,2023-08-19T21:48:05.430+05:30,2018-06-24T14:10:00.000+05:30
997,2018,9,70,Austrian Grand Prix,2023-08-19T21:48:05.430+05:30,2018-07-01T13:10:00.000+05:30
998,2018,10,9,British Grand Prix,2023-08-19T21:48:05.430+05:30,2018-07-08T13:10:00.000+05:30
999,2018,11,10,German Grand Prix,2023-08-19T21:48:05.430+05:30,2018-07-22T13:10:00.000+05:30
1000,2018,12,11,Hungarian Grand Prix,2023-08-19T21:48:05.430+05:30,2018-07-29T13:10:00.000+05:30
1001,2018,13,13,Belgian Grand Prix,2023-08-19T21:48:05.430+05:30,2018-08-26T13:10:00.000+05:30
1002,2018,14,14,Italian Grand Prix,2023-08-19T21:48:05.430+05:30,2018-09-02T13:10:00.000+05:30
1003,2018,15,15,Singapore Grand Prix,2023-08-19T21:48:05.430+05:30,2018-09-16T12:10:00.000+05:30
1004,2018,16,71,Russian Grand Prix,2023-08-19T21:48:05.430+05:30,2018-09-30T11:10:00.000+05:30
1005,2018,17,22,Japanese Grand Prix,2023-08-19T21:48:05.430+05:30,2018-10-07T05:10:00.000+05:30
1006,2018,18,69,United States Grand Prix,2023-08-19T21:48:05.430+05:30,2018-10-21T18:10:00.000+05:30
1007,2018,19,32,Mexican Grand Prix,2023-08-19T21:48:05.430+05:30,2018-10-28T19:10:00.000+05:30
1008,2018,20,18,Brazilian Grand Prix,2023-08-19T21:48:05.430+05:30,2018-11-11T17:10:00.000+05:30
1009,2018,21,24,Abu Dhabi Grand Prix,2023-08-19T21:48:05.430+05:30,2018-11-25T13:10:00.000+05:30
1010,2019,1,1,Australian Grand Prix,2023-08-19T21:48:05.430+05:30,2019-03-17T05:10:00.000+05:30
1011,2019,2,3,Bahrain Grand Prix,2023-08-19T21:48:05.430+05:30,2019-03-31T15:10:00.000+05:30
1012,2019,3,17,Chinese Grand Prix,2023-08-19T21:48:05.430+05:30,2019-04-14T06:10:00.000+05:30
1013,2019,4,73,Azerbaijan Grand Prix,2023-08-19T21:48:05.430+05:30,2019-04-28T12:10:00.000+05:30
1014,2019,5,4,Spanish Grand Prix,2023-08-19T21:48:05.430+05:30,2019-05-12T13:10:00.000+05:30
1015,2019,6,6,Monaco Grand Prix,2023-08-19T21:48:05.430+05:30,2019-05-26T13:10:00.000+05:30
1016,2019,7,7,Canadian Grand Prix,2023-08-19T21:48:05.430+05:30,2019-06-09T18:10:00.000+05:30
1017,2019,8,34,French Grand Prix,2023-08-19T21:48:05.430+05:30,2019-06-23T13:10:00.000+05:30
1018,2019,9,70,Austrian Grand Prix,2023-08-19T21:48:05.430+05:30,2019-06-30T13:10:00.000+05:30
1019,2019,10,9,British Grand Prix,2023-08-19T21:48:05.430+05:30,2019-07-14T13:10:00.000+05:30
1020,2019,11,10,German Grand Prix,2023-08-19T21:48:05.430+05:30,2019-07-28T13:10:00.000+05:30
1021,2019,12,11,Hungarian Grand Prix,2023-08-19T21:48:05.430+05:30,2019-08-04T13:10:00.000+05:30
1022,2019,13,13,Belgian Grand Prix,2023-08-19T21:48:05.430+05:30,2019-09-01T13:10:00.000+05:30
1023,2019,14,14,Italian Grand Prix,2023-08-19T21:48:05.430+05:30,2019-09-08T13:10:00.000+05:30
1024,2019,15,15,Singapore Grand Prix,2023-08-19T21:48:05.430+05:30,2019-09-22T12:10:00.000+05:30
1025,2019,16,71,Russian Grand Prix,2023-08-19T21:48:05.430+05:30,2019-09-29T11:10:00.000+05:30
1026,2019,17,22,Japanese Grand Prix,2023-08-19T21:48:05.430+05:30,2019-10-13T05:10:00.000+05:30
1027,2019,18,32,Mexican Grand Prix,2023-08-19T21:48:05.430+05:30,2019-10-27T19:10:00.000+05:30
1028,2019,19,69,United States Grand Prix,2023-08-19T21:48:05.430+05:30,2019-11-03T19:10:00.000+05:30
1029,2019,20,18,Brazilian Grand Prix,2023-08-19T21:48:05.430+05:30,2019-11-17T17:10:00.000+05:30
1030,2019,21,24,Abu Dhabi Grand Prix,2023-08-19T21:48:05.430+05:30,2019-12-01T13:10:00.000+05:30
1031,2020,1,70,Austrian Grand Prix,2023-08-19T21:48:05.430+05:30,2020-07-05T13:10:00.000+05:30
1032,2020,2,70,Styrian Grand Prix,2023-08-19T21:48:05.430+05:30,2020-07-12T13:10:00.000+05:30
1033,2020,3,11,Hungarian Grand Prix,2023-08-19T21:48:05.430+05:30,2020-07-19T13:10:00.000+05:30
1034,2020,4,9,British Grand Prix,2023-08-19T21:48:05.430+05:30,2020-08-02T13:10:00.000+05:30
1035,2020,5,9,70th Anniversary Grand Prix,2023-08-19T21:48:05.430+05:30,2020-08-09T13:10:00.000+05:30
1036,2020,6,4,Spanish Grand Prix,2023-08-19T21:48:05.430+05:30,2020-08-16T13:10:00.000+05:30
1037,2020,7,13,Belgian Grand Prix,2023-08-19T21:48:05.430+05:30,2020-08-30T13:10:00.000+05:30
1038,2020,8,14,Italian Grand Prix,2023-08-19T21:48:05.430+05:30,2020-09-06T13:10:00.000+05:30
1039,2020,9,76,Tuscan Grand Prix,2023-08-19T21:48:05.430+05:30,2020-09-13T13:10:00.000+05:30
1040,2020,10,71,Russian Grand Prix,2023-08-19T21:48:05.430+05:30,2020-09-27T11:10:00.000+05:30
1041,2020,11,20,Eifel Grand Prix,2023-08-19T21:48:05.430+05:30,2020-10-11T13:10:00.000+05:30
1042,2020,12,75,Portuguese Grand Prix,2023-08-19T21:48:05.430+05:30,2020-10-25T12:10:00.000+05:30
1043,2020,13,21,Emilia Romagna Grand Prix,2023-08-19T21:48:05.430+05:30,2020-11-01T12:10:00.000+05:30
1044,2020,14,5,Turkish Grand Prix,2023-08-19T21:48:05.430+05:30,2020-11-15T10:10:00.000+05:30
1045,2020,15,3,Bahrain Grand Prix,2023-08-19T21:48:05.430+05:30,2020-11-29T14:10:00.000+05:30
1046,2020,16,3,Sakhir Grand Prix,2023-08-19T21:48:05.430+05:30,2020-12-06T17:10:00.000+05:30
1047,2020,17,24,Abu Dhabi Grand Prix,2023-08-19T21:48:05.430+05:30,2020-12-13T13:10:00.000+05:30
1053,2021,2,21,Emilia Romagna Grand Prix,2023-08-19T21:48:05.430+05:30,2021-04-18T13:00:00.000+05:30
1052,2021,1,3,Bahrain Grand Prix,2023-08-19T21:48:05.430+05:30,2021-03-28T15:00:00.000+05:30
1051,2021,21,1,Australian Grand Prix,2023-08-19T21:48:05.430+05:30,2021-11-21T06:00:00.000+05:30
1054,2021,3,20,TBC,2023-08-19T21:48:05.430+05:30,""
1055,2021,4,4,Spanish Grand Prix,2023-08-19T21:48:05.430+05:30,2021-05-09T13:00:00.000+05:30
1056,2021,5,6,Monaco Grand Prix,2023-08-19T21:48:05.430+05:30,2021-05-23T13:00:00.000+05:30
1057,2021,6,73,Azerbaijan Grand Prix,2023-08-19T21:48:05.430+05:30,2021-06-06T12:00:00.000+05:30
1058,2021,7,7,Canadian Grand Prix,2023-08-19T21:48:05.430+05:30,2021-06-13T18:00:00.000+05:30
1059,2021,8,34,French Grand Prix,2023-08-19T21:48:05.430+05:30,2021-06-27T13:00:00.000+05:30
1060,2021,9,70,Austrian Grand Prix,2023-08-19T21:48:05.430+05:30,2021-07-04T13:00:00.000+05:30
1061,2021,10,9,British Grand Prix,2023-08-19T21:48:05.430+05:30,2021-07-18T14:00:00.000+05:30
1062,2021,11,11,Hungarian Grand Prix,2023-08-19T21:48:05.430+05:30,2021-08-01T13:00:00.000+05:30
1063,2021,12,13,Belgian Grand Prix,2023-08-19T21:48:05.430+05:30,2021-08-29T13:00:00.000+05:30
1064,2021,13,39,Dutch Grand Prix,2023-08-19T21:48:05.430+05:30,2021-09-05T13:00:00.000+05:30
1065,2021,14,14,Italian Grand Prix,2023-08-19T21:48:05.430+05:30,2021-09-12T13:00:00.000+05:30
1066,2021,15,71,Russian Grand Prix,2023-08-19T21:48:05.430+05:30,2021-09-26T12:00:00.000+05:30
1067,2021,16,15,Singapore Grand Prix,2023-08-19T21:48:05.430+05:30,2021-10-03T12:00:00.000+05:30
1068,2021,17,22,Japanese Grand Prix,2023-08-19T21:48:05.430+05:30,2021-10-10T05:00:00.000+05:30
1069,2021,18,69,United States Grand Prix,2023-08-19T21:48:05.430+05:30,2021-10-24T19:00:00.000+05:30
1070,2021,19,32,Mexico City Grand Prix,2023-08-19T21:48:05.430+05:30,2021-10-31T19:00:00.000+05:30
1071,2021,20,18,Brazilian Grand Prix,2023-08-19T21:48:05.430+05:30,2021-11-07T17:00:00.000+05:30
1072,2021,22,77,Saudi Arabian Grand Prix,2023-08-19T21:48:05.430+05:30,2021-12-05T16:00:00.000+05:30
1073,2021,23,24,Abu Dhabi Grand Prix,2023-08-19T21:48:05.430+05:30,2021-12-12T13:00:00.000+05:30
